id,name_en,name_fr,type_1,type_2,generation,evolution_level,evolves_from,is_baby,is_legendary,is_mythical,height,weight,base_experience,base_happiness,capture_rate,gender_rate,growth_rate,hatch_counter,hp,hp_effort,attack,attack_effort,defense,defense_effort,special-attack,special-attack_effort,special-defense,special-defense_effort,speed,speed_effort
1,bulbasaur,Bulbizarre,grass,poison,1,0,,False,False,False,7,69,64,70,45,1,medium-slow,20,45,0,49,0,49,0,65,1,65,0,45,0
10,caterpie,Chenipan,bug,,1,0,,False,False,False,3,29,39,70,255,4,medium,15,45,1,30,0,35,0,20,0,20,0,45,0
100,voltorb,Voltorbe,electric,,1,0,,False,False,False,5,104,66,70,190,-1,medium,20,40,0,30,0,50,0,55,0,55,0,100,1
1000,gholdengo,Gromago,steel,ghost,9,1,gimmighoul,False,False,False,12,300,275,50,45,-1,slow,50,87,0,60,0,95,0,133,2,91,0,84,0
1001,wo-chien,Chongjian,dark,grass,9,0,,False,True,False,15,742,285,0,6,-1,slow,50,85,0,85,0,100,0,95,0,135,3,70,0
1002,chien-pao,Baojian,dark,ice,9,0,,False,True,False,19,1522,285,0,6,-1,slow,50,80,0,120,0,80,0,90,0,65,0,135,3
1003,ting-lu,Dinglu,dark,ground,9,0,,False,True,False,27,6997,285,0,6,-1,slow,50,155,0,110,0,125,3,55,0,80,0,45,0
1004,chi-yu,Yuyu,dark,fire,9,0,,False,True,False,4,49,285,0,6,-1,slow,50,55,0,80,0,80,0,135,3,120,0,100,0
1005,roaring-moon,Rugit-Lune,dragon,dark,9,0,,False,False,False,20,3800,295,0,10,-1,slow,50,105,0,139,3,71,0,55,0,101,0,119,0
1006,iron-valiant,Garde-de-Fer,fairy,fighting,9,0,,False,False,False,14,350,295,0,10,-1,slow,50,74,0,130,3,90,0,120,0,60,0,116,0
1007,koraidon,Koraidon,fighting,dragon,9,0,,False,True,False,25,3030,335,0,3,-1,slow,50,100,0,135,3,115,0,85,0,100,0,135,0
1008,miraidon,Miraidon,electric,dragon,9,0,,False,True,False,35,2400,335,0,3,-1,slow,50,100,0,85,0,100,0,135,3,115,0,135,0
1009,walking-wake,Serpente-Eau,water,dragon,9,0,,False,False,False,35,2800,295,0,5,-1,slow,50,99,0,83,0,91,0,125,3,83,0,109,0
101,electrode,Électrode,electric,,1,1,voltorb,False,False,False,12,666,172,70,60,-1,medium,20,60,0,50,0,70,0,80,0,80,0,150,2
1010,iron-leaves,Vert-de-Fer,grass,psychic,9,0,,False,False,False,15,1250,295,0,5,-1,slow,50,90,0,130,3,88,0,70,0,108,0,104,0
1011,dipplin,Sirapfel,grass,dragon,9,1,applin,False,False,False,4,97,170,50,45,-1,slow,20,80,0,80,0,110,2,95,0,80,0,40,0
1012,poltchageist,Mortcha,grass,ghost,9,0,,False,False,False,1,11,62,50,120,-1,slow,50,40,0,45,0,45,0,74,1,54,0,50,0
1013,sinistcha,Fatalitcha,grass,ghost,9,1,poltchageist,False,False,False,2,22,178,50,60,-1,slow,50,71,0,60,0,106,0,121,2,80,0,70,0
1014,okidogi,Boninu,poison,fighting,9,0,,False,True,False,18,922,278,0,3,-1,slow,50,88,0,128,3,115,0,58,0,86,0,80,0
1015,munkidori,Benesaru,poison,psychic,9,0,,False,True,False,10,122,278,0,3,-1,slow,50,88,0,75,0,66,0,130,3,90,0,106,0
1016,fezandipiti,Beatori,poison,fairy,9,0,,False,True,False,14,301,278,0,3,-1,slow,50,88,0,91,0,82,0,70,0,125,3,99,0
1017,ogerpon,Ogerpon,grass,,9,0,,False,True,False,12,398,275,50,5,-1,slow,50,80,0,120,3,84,0,60,0,96,0,110,0
1018,archaludon,Briduradon,steel,dragon,9,1,duraludon,False,False,False,20,600,300,50,10,4,medium,30,90,0,105,0,130,3,125,0,65,0,85,0
1019,hydrapple,Hydrapfel,grass,dragon,9,1,dipplin,False,False,False,18,930,270,50,10,4,slow-then-very-fast,20,106,0,80,0,110,0,120,3,80,0,44,0
102,exeggcute,Noeunoeuf,grass,psychic,1,0,,False,False,False,4,25,65,70,90,4,slow,20,60,0,40,0,80,1,60,0,45,0,40,0
1020,gouging-fire,Keilflamme,fire,dragon,9,0,,False,False,False,35,5900,295,0,10,-1,slow,50,105,0,115,0,121,3,65,0,93,0,91,0
1021,raging-bolt,Furienblitz,electric,dragon,9,0,,False,False,False,52,4800,295,0,10,-1,slow,50,125,0,73,0,91,0,137,3,89,0,75,0
1022,iron-boulder,Eisenfels,rock,psychic,9,0,,False,False,False,15,1625,295,0,10,-1,slow,50,90,0,120,0,80,0,68,0,108,0,124,3
1023,iron-crown,Eisenhaupt,steel,psychic,9,0,,False,False,False,16,1560,295,0,10,-1,slow,50,90,0,72,0,100,0,122,3,108,0,98,0
1024,terapagos,Terapagos,normal,,9,0,,False,True,False,2,65,90,50,255,-1,slow,5,90,0,65,0,85,1,65,0,85,0,60,0
1025,pecharunt,Infamomo,poison,ghost,9,0,,False,False,True,3,3,300,0,3,-1,slow,20,88,0,88,0,160,3,88,0,88,0,88,0
103,exeggutor,Noadkoko,grass,psychic,1,1,exeggcute,False,False,False,20,1200,186,70,45,4,slow,20,95,0,95,0,85,0,125,2,75,0,55,0
104,cubone,Osselait,ground,,1,0,,False,False,False,4,65,64,70,190,4,medium,20,50,0,50,0,95,1,40,0,50,0,35,0
105,marowak,Ossatueur,ground,,1,1,cubone,False,False,False,10,450,149,70,75,4,medium,20,60,0,80,0,110,2,50,0,80,0,45,0
106,hitmonlee,Kicklee,fighting,,1,1,tyrogue,False,False,False,15,498,159,70,45,0,medium,25,50,0,120,2,53,0,35,0,110,0,87,0
107,hitmonchan,Tygnon,fighting,,1,1,tyrogue,False,False,False,14,502,159,70,45,0,medium,25,50,0,105,0,79,0,35,0,110,2,76,0
108,lickitung,Excelangue,normal,,1,0,,False,False,False,12,655,77,70,45,4,medium,20,90,2,55,0,75,0,60,0,75,0,30,0
109,koffing,Smogo,poison,,1,0,,False,False,False,6,10,68,70,190,4,medium,20,40,0,65,0,95,1,60,0,45,0,35,0
11,metapod,Chrysacier,bug,,1,1,caterpie,False,False,False,7,99,72,70,120,4,medium,15,50,0,20,0,55,2,25,0,25,0,30,0
110,weezing,Smogogo,poison,,1,1,koffing,False,False,False,12,95,172,70,60,4,medium,20,65,0,90,0,120,2,85,0,70,0,60,0
111,rhyhorn,Rhinocorne,ground,rock,1,0,,False,False,False,10,1150,69,70,120,4,slow,20,80,0,85,0,95,1,30,0,30,0,25,0
112,rhydon,Rhinoféros,ground,rock,1,1,rhyhorn,False,False,False,19,1200,170,70,60,4,slow,20,105,0,130,2,120,0,45,0,45,0,40,0
113,chansey,Leveinard,normal,,1,1,happiny,False,False,False,11,346,395,140,30,8,fast,40,250,2,5,0,5,0,35,0,105,0,50,0
114,tangela,Saquedeneu,grass,,1,0,,False,False,False,10,350,87,70,45,4,medium,20,65,0,55,0,115,1,100,0,40,0,60,0
115,kangaskhan,Kangourex,normal,,1,0,,False,False,False,22,800,172,70,45,8,medium,20,105,2,95,0,80,0,40,0,80,0,90,0
116,horsea,Hypotrempe,water,,1,0,,False,False,False,4,80,59,70,225,4,medium,20,30,0,40,0,70,0,70,1,25,0,60,0
117,seadra,Hypocéan,water,,1,1,horsea,False,False,False,12,250,154,70,75,4,medium,20,55,0,65,0,95,1,95,1,45,0,85,0
118,goldeen,Poissirène,water,,1,0,,False,False,False,6,150,64,70,225,4,medium,20,45,0,67,1,60,0,35,0,50,0,63,0
119,seaking,Poissoroy,water,,1,1,goldeen,False,False,False,13,390,158,70,60,4,medium,20,80,0,92,2,65,0,65,0,80,0,68,0
12,butterfree,Papilusion,bug,flying,1,1,metapod,False,False,False,11,320,178,70,45,4,medium,15,60,0,45,0,50,0,90,2,80,1,70,0
120,staryu,Stari,water,,1,0,,False,False,False,8,345,68,70,225,-1,slow,20,30,0,45,0,55,0,70,0,55,0,85,1
121,starmie,Staross,water,psychic,1,1,staryu,False,False,False,11,800,182,70,60,-1,slow,20,60,0,75,0,85,0,100,0,85,0,115,2
122,mr-mime,M. Mime,psychic,fairy,1,1,mime-jr,False,False,False,13,545,161,70,45,4,medium,25,40,0,45,0,65,0,100,0,120,2,90,0
123,scyther,Insécateur,bug,flying,1,0,,False,False,False,15,560,100,70,45,4,medium,25,70,0,110,1,80,0,55,0,80,0,105,0
124,jynx,Lippoutou,ice,psychic,1,1,smoochum,False,False,False,14,406,159,70,45,8,medium,25,65,0,50,0,35,0,115,2,95,0,95,0
125,electabuzz,Élektek,electric,,1,1,elekid,False,False,False,11,300,172,70,45,2,medium,25,65,0,83,0,57,0,95,0,85,0,105,2
126,magmar,Magmar,fire,,1,1,magby,False,False,False,13,445,173,70,45,2,medium,25,65,0,95,0,57,0,100,2,85,0,93,0
127,pinsir,Scarabrute,bug,,1,0,,False,False,False,15,550,175,70,45,4,slow,25,65,0,125,2,100,0,55,0,70,0,85,0
128,tauros,Tauros,normal,,1,0,,False,False,False,14,884,172,70,45,0,slow,20,75,0,100,1,95,0,40,0,70,0,110,1
129,magikarp,Magicarpe,water,,1,0,,False,False,False,9,100,40,70,255,4,slow,5,20,0,10,0,55,0,15,0,20,0,80,1
13,weedle,Aspicot,bug,poison,1,0,,False,False,False,3,32,39,70,255,4,medium,15,40,0,35,0,30,0,20,0,20,0,50,1
130,gyarados,Léviator,water,flying,1,1,magikarp,False,False,False,65,2350,189,70,45,4,slow,5,95,0,125,2,79,0,60,0,100,0,81,0
131,lapras,Lokhlass,water,ice,1,0,,False,False,False,25,2200,187,70,45,4,slow,40,130,2,85,0,80,0,85,0,95,0,60,0
132,ditto,Métamorph,normal,,1,0,,False,False,False,3,40,101,70,35,-1,medium,20,48,1,48,0,48,0,48,0,48,0,48,0
133,eevee,Évoli,normal,,1,0,,False,False,False,3,65,65,70,45,1,medium,35,55,0,55,0,50,0,45,0,65,1,55,0
134,vaporeon,Aquali,water,,1,1,eevee,False,False,False,10,290,184,70,45,1,medium,35,130,2,65,0,60,0,110,0,95,0,65,0
135,jolteon,Voltali,electric,,1,1,eevee,False,False,False,8,245,184,70,45,1,medium,35,65,0,65,0,60,0,110,0,95,0,130,2
136,flareon,Pyroli,fire,,1,1,eevee,False,False,False,9,250,184,70,45,1,medium,35,65,0,130,2,60,0,95,0,110,0,65,0
137,porygon,Porygon,normal,,1,0,,False,False,False,8,365,79,70,45,-1,medium,20,65,0,60,0,70,0,85,1,75,0,40,0
138,omanyte,Amonita,rock,water,1,0,,False,False,False,4,75,71,70,45,1,medium,30,35,0,40,0,100,1,90,0,55,0,35,0
139,omastar,Amonistar,rock,water,1,1,omanyte,False,False,False,10,350,173,70,45,1,medium,30,70,0,60,0,125,2,115,0,70,0,55,0
14,kakuna,Coconfort,bug,poison,1,1,weedle,False,False,False,6,100,72,70,120,4,medium,15,45,0,25,0,50,2,25,0,25,0,35,0
140,kabuto,Kabuto,rock,water,1,0,,False,False,False,5,115,71,70,45,1,medium,30,30,0,80,0,90,1,55,0,45,0,55,0
141,kabutops,Kabutops,rock,water,1,1,kabuto,False,False,False,13,405,173,70,45,1,medium,30,60,0,115,2,105,0,65,0,70,0,80,0
142,aerodactyl,Ptéra,rock,flying,1,0,,False,False,False,18,590,180,70,45,1,slow,35,80,0,105,0,65,0,60,0,75,0,130,2
143,snorlax,Ronflex,normal,,1,1,munchlax,False,False,False,21,4600,189,70,25,1,slow,40,160,2,110,0,65,0,65,0,110,0,30,0
144,articuno,Artikodin,ice,flying,1,0,,False,True,False,17,554,261,35,3,-1,slow,80,90,0,85,0,100,0,95,0,125,3,85,0
145,zapdos,Électhor,electric,flying,1,0,,False,True,False,16,526,261,35,3,-1,slow,80,90,0,90,0,85,0,125,3,90,0,100,0
146,moltres,Sulfura,fire,flying,1,0,,False,True,False,20,600,261,35,3,-1,slow,80,90,0,100,0,90,0,125,3,85,0,90,0
147,dratini,Minidraco,dragon,,1,0,,False,False,False,18,33,60,35,45,4,slow,40,41,0,64,1,45,0,50,0,50,0,50,0
148,dragonair,Draco,dragon,,1,1,dratini,False,False,False,40,165,147,35,45,4,slow,40,61,0,84,2,65,0,70,0,70,0,70,0
149,dragonite,Dracolosse,dragon,flying,1,1,dragonair,False,False,False,22,2100,270,35,45,4,slow,40,91,0,134,3,95,0,100,0,100,0,80,0
15,beedrill,Dardargnan,bug,poison,1,1,kakuna,False,False,False,10,295,178,70,45,4,medium,15,65,0,90,2,40,0,45,0,80,1,75,0
150,mewtwo,Mewtwo,psychic,,1,0,,False,True,False,20,1220,306,0,3,-1,slow,120,106,0,110,0,90,0,154,3,90,0,130,0
151,mew,Mew,psychic,,1,0,,False,False,True,4,40,270,100,45,-1,medium-slow,120,100,3,100,0,100,0,100,0,100,0,100,0
152,chikorita,Germignon,grass,,2,0,,False,False,False,9,64,64,70,45,1,medium-slow,20,45,0,49,0,65,0,49,0,65,1,45,0
153,bayleef,Macronium,grass,,2,1,chikorita,False,False,False,12,158,142,70,45,1,medium-slow,20,60,0,62,0,80,1,63,0,80,1,60,0
154,meganium,Méganium,grass,,2,1,bayleef,False,False,False,18,1005,236,70,45,1,medium-slow,20,80,0,82,0,100,1,83,0,100,2,80,0
155,cyndaquil,Héricendre,fire,,2,0,,False,False,False,5,79,62,70,45,1,medium-slow,20,39,0,52,0,43,0,60,0,50,0,65,1
156,quilava,Feurisson,fire,,2,1,cyndaquil,False,False,False,9,190,142,70,45,1,medium-slow,20,58,0,64,0,58,0,80,1,65,0,80,1
157,typhlosion,Typhlosion,fire,,2,1,quilava,False,False,False,17,795,240,70,45,1,medium-slow,20,78,0,84,0,78,0,109,3,85,0,100,0
158,totodile,Kaiminus,water,,2,0,,False,False,False,6,95,63,70,45,1,medium-slow,20,50,0,65,1,64,0,44,0,48,0,43,0
159,croconaw,Crocrodil,water,,2,1,totodile,False,False,False,11,250,142,70,45,1,medium-slow,20,65,0,80,1,80,1,59,0,63,0,58,0
16,pidgey,Roucool,normal,flying,1,0,,False,False,False,3,18,50,70,255,4,medium-slow,15,40,0,45,0,40,0,35,0,35,0,56,1
160,feraligatr,Aligatueur,water,,2,1,croconaw,False,False,False,23,888,239,70,45,1,medium-slow,20,85,0,105,2,100,1,79,0,83,0,78,0
161,sentret,Fouinette,normal,,2,0,,False,False,False,8,60,43,70,255,4,medium,15,35,0,46,1,34,0,35,0,45,0,20,0
162,furret,Fouinar,normal,,2,1,sentret,False,False,False,18,325,145,70,90,4,medium,15,85,0,76,0,64,0,45,0,55,0,90,2
163,hoothoot,Hoothoot,normal,flying,2,0,,False,False,False,7,212,52,70,255,4,medium,15,60,1,30,0,30,0,36,0,56,0,50,0
164,noctowl,Noarfang,normal,flying,2,1,hoothoot,False,False,False,16,408,158,70,90,4,medium,15,100,2,50,0,50,0,86,0,96,0,70,0
165,ledyba,Coxy,bug,flying,2,0,,False,False,False,10,108,53,70,255,4,fast,15,40,0,20,0,30,0,40,0,80,1,55,0
166,ledian,Coxyclaque,bug,flying,2,1,ledyba,False,False,False,14,356,137,70,90,4,fast,15,55,0,35,0,50,0,55,0,110,2,85,0
167,spinarak,Mimigal,bug,poison,2,0,,False,False,False,5,85,50,70,255,4,fast,15,40,0,60,1,40,0,40,0,40,0,30,0
168,ariados,Migalos,bug,poison,2,1,spinarak,False,False,False,11,335,140,70,90,4,fast,15,70,0,90,2,70,0,60,0,70,0,40,0
169,crobat,Nostenfer,poison,flying,2,1,golbat,False,False,False,18,750,241,70,90,4,medium,15,85,0,90,0,80,0,70,0,80,0,130,3
17,pidgeotto,Roucoups,normal,flying,1,1,pidgey,False,False,False,11,300,122,70,120,4,medium-slow,15,63,0,60,0,55,0,50,0,50,0,71,2
170,chinchou,Loupio,water,electric,2,0,,False,False,False,5,120,66,70,190,4,slow,20,75,1,38,0,38,0,56,0,56,0,67,0
171,lanturn,Lanturn,water,electric,2,1,chinchou,False,False,False,12,225,161,70,75,4,slow,20,125,2,58,0,58,0,76,0,76,0,67,0
172,pichu,Pichu,electric,,2,0,,True,False,False,3,20,41,70,190,4,medium,10,20,0,40,0,15,0,35,0,35,0,60,1
173,cleffa,Mélo,fairy,,2,0,,True,False,False,3,30,44,140,150,6,fast,10,50,0,25,0,28,0,45,0,55,1,15,0
174,igglybuff,Toudoudou,normal,fairy,2,0,,True,False,False,3,10,42,70,170,6,fast,10,90,1,30,0,15,0,40,0,20,0,15,0
175,togepi,Togepi,fairy,,2,0,,True,False,False,3,15,49,70,190,1,fast,10,35,0,20,0,65,0,40,0,65,1,20,0
176,togetic,Togetic,fairy,flying,2,1,togepi,False,False,False,6,32,142,70,75,1,fast,10,55,0,40,0,85,0,80,0,105,2,40,0
177,natu,Natu,psychic,flying,2,0,,False,False,False,2,20,64,70,190,4,medium,20,40,0,50,0,45,0,70,1,45,0,70,0
178,xatu,Xatu,psychic,flying,2,1,natu,False,False,False,15,150,165,70,75,4,medium,20,65,0,75,0,70,0,95,1,70,0,95,1
179,mareep,Wattouat,electric,,2,0,,False,False,False,6,78,56,70,235,4,medium-slow,20,55,0,40,0,40,0,65,1,45,0,35,0
18,pidgeot,Roucarnage,normal,flying,1,1,pidgeotto,False,False,False,15,395,216,70,45,4,medium-slow,15,83,0,80,0,75,0,70,0,70,0,101,3
180,flaaffy,Lainergie,electric,,2,1,mareep,False,False,False,8,133,128,70,120,4,medium-slow,20,70,0,55,0,55,0,80,2,60,0,45,0
181,ampharos,Pharamp,electric,,2,1,flaaffy,False,False,False,14,615,230,70,45,4,medium-slow,20,90,0,75,0,85,0,115,3,90,0,55,0
182,bellossom,Joliflor,grass,,2,1,gloom,False,False,False,4,58,221,70,45,4,medium-slow,20,75,0,80,0,95,0,90,0,100,3,50,0
183,marill,Marill,water,fairy,2,1,azurill,False,False,False,4,85,88,70,190,4,fast,10,70,2,20,0,50,0,20,0,50,0,40,0
184,azumarill,Azumarill,water,fairy,2,1,marill,False,False,False,8,285,189,70,75,4,fast,10,100,3,50,0,80,0,60,0,80,0,50,0
185,sudowoodo,Simularbre,rock,,2,1,bonsly,False,False,False,12,380,144,70,65,4,medium,20,70,0,100,0,115,2,30,0,65,0,30,0
186,politoed,Tarpaud,water,,2,1,poliwhirl,False,False,False,11,339,225,70,45,4,medium-slow,20,90,0,75,0,75,0,90,0,100,3,70,0
187,hoppip,Granivol,grass,flying,2,0,,False,False,False,4,5,50,70,255,4,medium-slow,20,35,0,35,0,40,0,35,0,55,1,50,0
188,skiploom,Floravol,grass,flying,2,1,hoppip,False,False,False,6,10,119,70,120,4,medium-slow,20,55,0,45,0,50,0,45,0,65,0,80,2
189,jumpluff,Cotovol,grass,flying,2,1,skiploom,False,False,False,8,30,207,70,45,4,medium-slow,20,75,0,55,0,70,0,55,0,95,0,110,3
19,rattata,Rattata,normal,,1,0,,False,False,False,3,35,51,70,255,4,medium,15,30,0,56,0,35,0,25,0,35,0,72,1
190,aipom,Capumain,normal,,2,0,,False,False,False,8,115,72,70,45,4,fast,20,55,0,70,0,55,0,40,0,55,0,85,1
191,sunkern,Tournegrin,grass,,2,0,,False,False,False,3,18,36,70,235,4,medium-slow,20,30,0,30,0,30,0,30,1,30,0,30,0
192,sunflora,Héliatronc,grass,,2,1,sunkern,False,False,False,8,85,149,70,120,4,medium-slow,20,75,0,75,0,55,0,105,2,85,0,30,0
193,yanma,Yanma,bug,flying,2,0,,False,False,False,12,380,78,70,75,4,medium,20,65,0,65,0,45,0,75,0,45,0,95,1
194,wooper,Axoloto,water,ground,2,0,,False,False,False,4,85,42,70,255,4,medium,20,55,1,45,0,45,0,25,0,25,0,15,0
195,quagsire,Maraiste,water,ground,2,1,wooper,False,False,False,14,750,151,70,90,4,medium,20,95,2,85,0,85,0,65,0,65,0,35,0
196,espeon,Mentali,psychic,,2,1,eevee,False,False,False,9,265,184,70,45,1,medium,35,65,0,65,0,60,0,130,2,95,0,110,0
197,umbreon,Noctali,dark,,2,1,eevee,False,False,False,10,270,184,35,45,1,medium,35,95,0,65,0,110,0,60,0,130,2,65,0
198,murkrow,Cornèbre,dark,flying,2,0,,False,False,False,5,21,81,35,30,4,medium-slow,20,60,0,85,0,42,0,85,0,42,0,91,1
199,slowking,Roigada,water,psychic,2,1,slowpoke,False,False,False,20,795,172,70,70,4,medium,20,95,0,75,0,80,0,100,0,110,2,30,0
2,ivysaur,Herbizarre,grass,poison,1,1,bulbasaur,False,False,False,10,130,142,70,45,1,medium-slow,20,60,0,62,0,63,0,80,1,80,1,60,0
20,raticate,Rattatac,normal,,1,1,rattata,False,False,False,7,185,145,70,127,4,medium,15,55,0,81,0,60,0,50,0,70,0,97,2
200,misdreavus,Feuforêve,ghost,,2,0,,False,False,False,7,10,87,35,45,4,fast,25,60,0,60,0,60,0,85,0,85,1,85,0
201,unown,Zarbi,psychic,,2,0,,False,False,False,5,50,118,70,225,-1,medium,40,48,0,72,1,48,0,72,1,48,0,48,0
202,wobbuffet,Qulbutoké,psychic,,2,1,wynaut,False,False,False,13,285,142,70,45,4,medium,20,190,2,33,0,58,0,33,0,58,0,33,0
203,girafarig,Girafarig,normal,psychic,2,0,,False,False,False,15,415,159,70,60,4,medium,20,70,0,80,0,65,0,90,2,65,0,85,0
204,pineco,Pomdepik,bug,,2,0,,False,False,False,6,72,58,70,190,4,medium,20,50,0,65,0,90,1,35,0,35,0,15,0
205,forretress,Foretress,bug,steel,2,1,pineco,False,False,False,12,1258,163,70,75,4,medium,20,75,0,90,0,140,2,60,0,60,0,40,0
206,dunsparce,Insolourdo,normal,,2,0,,False,False,False,15,140,145,70,190,4,medium,20,100,1,70,0,70,0,65,0,65,0,45,0
207,gligar,Scorplane,ground,flying,2,0,,False,False,False,11,648,86,70,60,4,medium-slow,20,65,0,75,0,105,1,35,0,65,0,85,0
208,steelix,Steelix,steel,ground,2,1,onix,False,False,False,92,4000,179,70,25,4,medium,25,75,0,85,0,200,2,55,0,65,0,30,0
209,snubbull,Snubbull,fairy,,2,0,,False,False,False,6,78,60,70,190,6,fast,20,60,0,80,1,50,0,40,0,40,0,30,0
21,spearow,Piafabec,normal,flying,1,0,,False,False,False,3,20,52,70,255,4,medium,15,40,0,60,0,30,0,31,0,31,0,70,1
210,granbull,Granbull,fairy,,2,1,snubbull,False,False,False,14,487,158,70,75,6,fast,20,90,0,120,2,75,0,60,0,60,0,45,0
211,qwilfish,Qwilfish,water,poison,2,0,,False,False,False,5,39,88,70,45,4,medium,20,65,0,95,1,85,0,55,0,55,0,85,0
212,scizor,Cizayox,bug,steel,2,1,scyther,False,False,False,18,1180,175,70,25,4,medium,25,70,0,130,2,100,0,55,0,80,0,65,0
213,shuckle,Caratroc,bug,rock,2,0,,False,False,False,6,205,177,70,190,4,medium-slow,20,20,0,10,0,230,1,10,0,230,1,5,0
214,heracross,Scarhino,bug,fighting,2,0,,False,False,False,15,540,175,70,45,4,slow,25,80,0,125,2,75,0,40,0,95,0,85,0
215,sneasel,Farfuret,dark,ice,2,0,,False,False,False,9,280,86,35,60,4,medium-slow,20,55,0,95,0,55,0,35,0,75,0,115,1
216,teddiursa,Teddiursa,normal,,2,0,,False,False,False,6,88,66,70,120,4,medium,20,60,0,80,1,50,0,50,0,50,0,40,0
217,ursaring,Ursaring,normal,,2,1,teddiursa,False,False,False,18,1258,175,70,60,4,medium,20,90,0,130,2,75,0,75,0,75,0,55,0
218,slugma,Limagma,fire,,2,0,,False,False,False,7,350,50,70,190,4,medium,20,40,0,40,0,40,0,70,1,40,0,20,0
219,magcargo,Volcaropod,fire,rock,2,1,slugma,False,False,False,8,550,151,70,75,4,medium,20,60,0,50,0,120,2,90,0,80,0,30,0
22,fearow,Rapasdepic,normal,flying,1,1,spearow,False,False,False,12,380,155,70,90,4,medium,15,65,0,90,0,65,0,61,0,61,0,100,2
220,swinub,Marcacrin,ice,ground,2,0,,False,False,False,4,65,50,70,225,4,slow,20,50,0,50,1,40,0,30,0,30,0,50,0
221,piloswine,Cochignon,ice,ground,2,1,swinub,False,False,False,11,558,158,70,75,4,slow,20,100,1,100,1,80,0,60,0,60,0,50,0
222,corsola,Corayon,water,rock,2,0,,False,False,False,6,50,144,70,60,6,fast,20,65,0,55,0,95,1,65,0,95,1,35,0
223,remoraid,Rémoraid,water,,2,0,,False,False,False,6,120,60,70,190,4,medium,20,35,0,65,0,35,0,65,1,35,0,65,0
224,octillery,Octillery,water,,2,1,remoraid,False,False,False,9,285,168,70,75,4,medium,20,75,0,105,1,75,0,105,1,75,0,45,0
225,delibird,Cadoizo,ice,flying,2,0,,False,False,False,9,160,116,70,45,4,fast,20,45,0,55,0,45,0,65,0,45,0,75,1
226,mantine,Démanta,water,flying,2,1,mantyke,False,False,False,21,2200,170,70,25,4,slow,25,85,0,40,0,70,0,80,0,140,2,70,0
227,skarmory,Airmure,steel,flying,2,0,,False,False,False,17,505,163,70,25,4,slow,25,65,0,80,0,140,2,40,0,70,0,70,0
228,houndour,Malosse,dark,fire,2,0,,False,False,False,6,108,66,35,120,4,slow,20,45,0,60,0,30,0,80,1,50,0,65,0
229,houndoom,Démolosse,dark,fire,2,1,houndour,False,False,False,14,350,175,35,45,4,slow,20,75,0,90,0,50,0,110,2,80,0,95,0
23,ekans,Abo,poison,,1,0,,False,False,False,20,69,58,70,255,4,medium,20,35,0,60,1,44,0,40,0,54,0,55,0
230,kingdra,Hyporoi,water,dragon,2,1,seadra,False,False,False,18,1520,243,70,45,4,medium,20,75,0,95,1,95,0,95,1,95,1,85,0
231,phanpy,Phanpy,ground,,2,0,,False,False,False,5,335,66,70,120,4,medium,20,90,1,60,0,60,0,40,0,40,0,40,0
232,donphan,Donphan,ground,,2,1,phanpy,False,False,False,11,1200,175,70,60,4,medium,20,90,0,120,1,120,1,60,0,60,0,50,0
233,porygon2,Porygon2,normal,,2,1,porygon,False,False,False,6,325,180,70,45,-1,medium,20,85,0,80,0,90,0,105,2,95,0,60,0
234,stantler,Cerfrousse,normal,,2,0,,False,False,False,14,712,163,70,45,4,slow,20,73,0,95,1,62,0,85,0,65,0,85,0
235,smeargle,Queulorior,normal,,2,0,,False,False,False,12,580,88,70,45,4,fast,20,55,0,20,0,35,0,20,0,45,0,75,1
236,tyrogue,Debugant,fighting,,2,0,,True,False,False,7,210,42,70,75,0,medium,25,35,0,35,1,35,0,35,0,35,0,35,0
237,hitmontop,Kapoera,fighting,,2,1,tyrogue,False,False,False,14,480,159,70,45,0,medium,25,50,0,95,0,95,0,35,0,110,2,70,0
238,smoochum,Lippouti,ice,psychic,2,0,,True,False,False,4,60,61,70,45,8,medium,25,45,0,30,0,15,0,85,1,65,0,65,0
239,elekid,Élekid,electric,,2,0,,True,False,False,6,235,72,70,45,2,medium,25,45,0,63,0,37,0,65,0,55,0,95,1
24,arbok,Arbok,poison,,1,1,ekans,False,False,False,35,650,157,70,90,4,medium,20,60,0,95,2,69,0,65,0,79,0,80,0
240,magby,Magby,fire,,2,0,,True,False,False,7,214,73,70,45,2,medium,25,45,0,75,0,37,0,70,0,55,0,83,1
241,miltank,Écrémeuh,normal,,2,0,,False,False,False,12,755,172,70,45,8,slow,20,95,0,80,0,105,2,40,0,70,0,100,0
242,blissey,Leuphorie,normal,,2,1,chansey,False,False,False,15,468,608,140,30,8,fast,40,255,3,10,0,10,0,75,0,135,0,55,0
243,raikou,Raikou,electric,,2,0,,False,True,False,19,1780,261,35,3,-1,slow,80,90,0,85,0,75,0,115,1,100,0,115,2
244,entei,Entei,fire,,2,0,,False,True,False,21,1980,261,35,3,-1,slow,80,115,1,115,2,85,0,90,0,75,0,100,0
245,suicune,Suicune,water,,2,0,,False,True,False,20,1870,261,35,3,-1,slow,80,100,0,75,0,115,1,90,0,115,2,85,0
246,larvitar,Embrylex,rock,ground,2,0,,False,False,False,6,720,60,35,45,4,slow,40,50,0,64,1,50,0,45,0,50,0,41,0
247,pupitar,Ymphect,rock,ground,2,1,larvitar,False,False,False,12,1520,144,35,45,4,slow,40,70,0,84,2,70,0,65,0,70,0,51,0
248,tyranitar,Tyranocif,rock,dark,2,1,pupitar,False,False,False,20,2020,270,35,45,4,slow,40,100,0,134,3,110,0,95,0,100,0,61,0
249,lugia,Lugia,psychic,flying,2,0,,False,True,False,52,2160,306,0,3,-1,slow,120,106,0,90,0,130,0,90,0,154,3,110,0
25,pikachu,Pikachu,electric,,1,1,pichu,False,False,False,4,60,112,70,190,4,medium,10,35,0,55,0,40,0,50,0,50,0,90,2
250,ho-oh,Ho-Oh,fire,flying,2,0,,False,True,False,38,1990,306,0,3,-1,slow,120,106,0,130,0,90,0,110,0,154,3,90,0
251,celebi,Celebi,psychic,grass,2,0,,False,False,True,6,50,270,100,45,-1,medium-slow,120,100,3,100,0,100,0,100,0,100,0,100,0
252,treecko,Arcko,grass,,3,0,,False,False,False,5,50,62,70,45,1,medium-slow,20,40,0,45,0,35,0,65,0,55,0,70,1
253,grovyle,Massko,grass,,3,1,treecko,False,False,False,9,216,142,70,45,1,medium-slow,20,50,0,65,0,45,0,85,0,65,0,95,2
254,sceptile,Jungko,grass,,3,1,grovyle,False,False,False,17,522,239,70,45,1,medium-slow,20,70,0,85,0,65,0,105,0,85,0,120,3
255,torchic,Poussifeu,fire,,3,0,,False,False,False,4,25,62,70,45,1,medium-slow,20,45,0,60,0,40,0,70,1,50,0,45,0
256,combusken,Galifeu,fire,fighting,3,1,torchic,False,False,False,9,195,142,70,45,1,medium-slow,20,60,0,85,1,60,0,85,1,60,0,55,0
257,blaziken,Braségali,fire,fighting,3,1,combusken,False,False,False,19,520,239,70,45,1,medium-slow,20,80,0,120,3,70,0,110,0,70,0,80,0
258,mudkip,Gobou,water,,3,0,,False,False,False,4,76,62,70,45,1,medium-slow,20,50,0,70,1,50,0,50,0,50,0,40,0
259,marshtomp,Flobio,water,ground,3,1,mudkip,False,False,False,7,280,142,70,45,1,medium-slow,20,70,0,85,2,70,0,60,0,70,0,50,0
26,raichu,Raichu,electric,,1,1,pikachu,False,False,False,8,300,218,70,75,4,medium,10,60,0,90,0,55,0,90,0,80,0,110,3
260,swampert,Laggron,water,ground,3,1,marshtomp,False,False,False,15,819,241,70,45,1,medium-slow,20,100,0,110,3,90,0,85,0,90,0,60,0
261,poochyena,Medhyèna,dark,,3,0,,False,False,False,5,136,56,70,255,4,medium,15,35,0,55,1,35,0,30,0,30,0,35,0
262,mightyena,Grahyèna,dark,,3,1,poochyena,False,False,False,10,370,147,70,127,4,medium,15,70,0,90,2,70,0,60,0,60,0,70,0
263,zigzagoon,Zigzaton,normal,,3,0,,False,False,False,4,175,56,70,255,4,medium,15,38,0,30,0,41,0,30,0,41,0,60,1
264,linoone,Linéon,normal,,3,1,zigzagoon,False,False,False,5,325,147,70,90,4,medium,15,78,0,70,0,61,0,50,0,61,0,100,2
265,wurmple,Chenipotte,bug,,3,0,,False,False,False,3,36,56,70,255,4,medium,15,45,1,45,0,35,0,20,0,30,0,20,0
266,silcoon,Armulys,bug,,3,1,wurmple,False,False,False,6,100,72,70,120,4,medium,15,50,0,35,0,55,2,25,0,25,0,15,0
267,beautifly,Charmillon,bug,flying,3,1,silcoon,False,False,False,10,284,178,70,45,4,medium,15,60,0,70,0,50,0,100,3,50,0,65,0
268,cascoon,Blindalys,bug,,3,1,wurmple,False,False,False,7,115,72,70,120,4,medium,15,50,0,35,0,55,2,25,0,25,0,15,0
269,dustox,Papinox,bug,poison,3,1,cascoon,False,False,False,12,316,173,70,45,4,medium,15,60,0,50,0,70,0,50,0,90,3,65,0
27,sandshrew,Sabelette,ground,,1,0,,False,False,False,6,120,60,70,255,4,medium,20,50,0,75,0,85,1,20,0,30,0,40,0
270,lotad,Nénupiot,water,grass,3,0,,False,False,False,5,26,44,70,255,4,medium-slow,15,40,0,30,0,30,0,40,0,50,1,30,0
271,lombre,Lombre,water,grass,3,1,lotad,False,False,False,12,325,119,70,120,4,medium-slow,15,60,0,50,0,50,0,60,0,70,2,50,0
272,ludicolo,Ludicolo,water,grass,3,1,lombre,False,False,False,15,550,216,70,45,4,medium-slow,15,80,0,70,0,70,0,90,0,100,3,70,0
273,seedot,Grainipiot,grass,,3,0,,False,False,False,5,40,44,70,255,4,medium-slow,15,40,0,40,0,50,1,30,0,30,0,30,0
274,nuzleaf,Pifeuil,grass,dark,3,1,seedot,False,False,False,10,280,119,70,120,4,medium-slow,15,70,0,70,2,40,0,60,0,40,0,60,0
275,shiftry,Tengalice,grass,dark,3,1,nuzleaf,False,False,False,13,596,216,70,45,4,medium-slow,15,90,0,100,3,60,0,90,0,60,0,80,0
276,taillow,Nirondelle,normal,flying,3,0,,False,False,False,3,23,54,70,200,4,medium-slow,15,40,0,55,0,30,0,30,0,30,0,85,1
277,swellow,Hélédelle,normal,flying,3,1,taillow,False,False,False,7,198,159,70,45,4,medium-slow,15,60,0,85,0,60,0,75,0,50,0,125,2
278,wingull,Goélise,water,flying,3,0,,False,False,False,6,95,54,70,190,4,medium,20,40,0,30,0,30,0,55,0,30,0,85,1
279,pelipper,Bekipan,water,flying,3,1,wingull,False,False,False,12,280,154,70,45,4,medium,20,60,0,50,0,100,2,95,0,70,0,65,0
28,sandslash,Sablaireau,ground,,1,1,sandshrew,False,False,False,10,295,158,70,90,4,medium,20,75,0,100,0,110,2,45,0,55,0,65,0
280,ralts,Tarsal,psychic,fairy,3,0,,False,False,False,4,66,40,35,235,4,slow,20,28,0,25,0,25,0,45,1,35,0,40,0
281,kirlia,Kirlia,psychic,fairy,3,1,ralts,False,False,False,8,202,97,35,120,4,slow,20,38,0,35,0,35,0,65,2,55,0,50,0
282,gardevoir,Gardevoir,psychic,fairy,3,1,kirlia,False,False,False,16,484,233,35,45,4,slow,20,68,0,65,0,65,0,125,3,115,0,80,0
283,surskit,Arakdo,bug,water,3,0,,False,False,False,5,17,54,70,200,4,medium,15,40,0,30,0,32,0,50,0,52,0,65,1
284,masquerain,Maskadra,bug,flying,3,1,surskit,False,False,False,8,36,159,70,75,4,medium,15,70,0,60,0,62,0,100,1,82,1,80,0
285,shroomish,Balignon,grass,,3,0,,False,False,False,4,45,59,70,255,4,fast-then-very-slow,15,60,1,40,0,60,0,40,0,60,0,35,0
286,breloom,Chapignon,grass,fighting,3,1,shroomish,False,False,False,12,392,161,70,90,4,fast-then-very-slow,15,60,0,130,2,80,0,60,0,60,0,70,0
287,slakoth,Parecool,normal,,3,0,,False,False,False,8,240,56,70,255,4,slow,15,60,1,60,0,60,0,35,0,35,0,30,0
288,vigoroth,Vigoroth,normal,,3,1,slakoth,False,False,False,14,465,154,70,120,4,slow,15,80,0,80,0,80,0,55,0,55,0,90,2
289,slaking,Monaflèmit,normal,,3,1,vigoroth,False,False,False,20,1305,252,70,45,4,slow,15,150,3,160,0,100,0,95,0,65,0,100,0
29,nidoran-f,Nidoran♀,poison,,1,0,,False,False,False,4,70,55,70,235,8,medium-slow,20,55,1,47,0,52,0,40,0,40,0,41,0
290,nincada,Ningale,bug,ground,3,0,,False,False,False,5,55,53,70,255,4,slow-then-very-fast,15,31,0,45,0,90,1,30,0,30,0,40,0
291,ninjask,Ninjask,bug,flying,3,1,nincada,False,False,False,8,120,160,70,120,4,slow-then-very-fast,15,61,0,90,0,45,0,50,0,50,0,160,2
292,shedinja,Munja,bug,ghost,3,1,nincada,False,False,False,8,12,83,70,45,-1,slow-then-very-fast,15,1,2,90,0,45,0,30,0,30,0,40,0
293,whismur,Chuchmur,normal,,3,0,,False,False,False,6,163,48,70,190,4,medium-slow,20,64,1,51,0,23,0,51,0,23,0,28,0
294,loudred,Ramboum,normal,,3,1,whismur,False,False,False,10,405,126,70,120,4,medium-slow,20,84,2,71,0,43,0,71,0,43,0,48,0
295,exploud,Brouhabam,normal,,3,1,loudred,False,False,False,15,840,221,70,45,4,medium-slow,20,104,3,91,0,63,0,91,0,73,0,68,0
296,makuhita,Makuhita,fighting,,3,0,,False,False,False,10,864,47,70,180,2,fast-then-very-slow,20,72,1,60,0,30,0,20,0,30,0,25,0
297,hariyama,Hariyama,fighting,,3,1,makuhita,False,False,False,23,2538,166,70,200,2,fast-then-very-slow,20,144,2,120,0,60,0,40,0,60,0,50,0
298,azurill,Azurill,normal,fairy,3,0,,True,False,False,2,20,38,70,150,6,fast,10,50,1,20,0,40,0,20,0,40,0,20,0
299,nosepass,Tarinor,rock,,3,0,,False,False,False,10,970,75,70,255,4,medium,20,30,0,45,0,135,1,45,0,90,0,30,0
3,venusaur,Florizarre,grass,poison,1,1,ivysaur,False,False,False,20,1000,236,70,45,1,medium-slow,20,80,0,82,0,83,0,100,2,100,1,80,0
30,nidorina,Nidorina,poison,,1,1,nidoran-f,False,False,False,8,200,128,70,120,8,medium-slow,20,70,2,62,0,67,0,55,0,55,0,56,0
300,skitty,Skitty,normal,,3,0,,False,False,False,6,110,52,70,255,6,fast,15,50,0,45,0,45,0,35,0,35,0,50,1
301,delcatty,Delcatty,normal,,3,1,skitty,False,False,False,11,326,140,70,60,6,fast,15,70,1,65,0,65,0,55,0,55,0,90,1
302,sableye,Ténéfix,dark,ghost,3,0,,False,False,False,5,110,133,35,45,4,medium-slow,25,50,0,75,1,75,1,65,0,65,0,50,0
303,mawile,Mysdibule,steel,fairy,3,0,,False,False,False,6,115,133,70,45,4,fast,20,50,0,85,1,85,1,55,0,55,0,50,0
304,aron,Galekid,steel,rock,3,0,,False,False,False,4,600,66,35,180,4,slow,35,50,0,70,0,100,1,40,0,40,0,30,0
305,lairon,Galegon,steel,rock,3,1,aron,False,False,False,9,1200,151,35,90,4,slow,35,60,0,90,0,140,2,50,0,50,0,40,0
306,aggron,Galeking,steel,rock,3,1,lairon,False,False,False,21,3600,239,35,45,4,slow,35,70,0,110,0,180,3,60,0,60,0,50,0
307,meditite,Méditikka,fighting,psychic,3,0,,False,False,False,6,112,56,70,180,4,medium,20,30,0,40,0,55,0,40,0,55,0,60,1
308,medicham,Charmina,fighting,psychic,3,1,meditite,False,False,False,13,315,144,70,90,4,medium,20,60,0,60,0,75,0,60,0,75,0,80,2
309,electrike,Dynavolt,electric,,3,0,,False,False,False,6,152,59,70,120,4,slow,20,40,0,45,0,40,0,65,0,40,0,65,1
31,nidoqueen,Nidoqueen,poison,ground,1,1,nidorina,False,False,False,13,600,227,70,45,8,medium-slow,20,90,3,92,0,87,0,75,0,85,0,76,0
310,manectric,Élecsprint,electric,,3,1,electrike,False,False,False,15,402,166,70,45,4,slow,20,70,0,75,0,60,0,105,0,60,0,105,2
311,plusle,Posipi,electric,,3,0,,False,False,False,4,42,142,70,200,4,medium,20,60,0,50,0,40,0,85,0,75,0,95,1
312,minun,Négapi,electric,,3,0,,False,False,False,4,42,142,70,200,4,medium,20,60,0,40,0,50,0,75,0,85,0,95,1
313,volbeat,Muciole,bug,,3,0,,False,False,False,7,177,151,70,150,0,slow-then-very-fast,15,65,0,73,0,75,0,47,0,85,0,85,1
314,illumise,Lumivole,bug,,3,0,,False,False,False,6,177,151,70,150,8,fast-then-very-slow,15,65,0,47,0,75,0,73,0,85,0,85,1
315,roselia,Rosélia,grass,poison,3,1,budew,False,False,False,3,20,140,70,150,4,medium-slow,20,50,0,60,0,45,0,100,2,80,0,65,0
316,gulpin,Gloupti,poison,,3,0,,False,False,False,4,103,60,70,225,4,fast-then-very-slow,20,70,1,43,0,53,0,43,0,53,0,40,0
317,swalot,Avaltout,poison,,3,1,gulpin,False,False,False,17,800,163,70,75,4,fast-then-very-slow,20,100,2,73,0,83,0,73,0,83,0,55,0
318,carvanha,Carvanha,water,dark,3,0,,False,False,False,8,208,61,35,225,4,slow,20,45,0,90,1,20,0,65,0,20,0,65,0
319,sharpedo,Sharpedo,water,dark,3,1,carvanha,False,False,False,18,888,161,35,60,4,slow,20,70,0,120,2,40,0,95,0,40,0,95,0
32,nidoran-m,Nidoran♂,poison,,1,0,,False,False,False,5,90,55,70,235,0,medium-slow,20,46,0,57,1,40,0,40,0,40,0,50,0
320,wailmer,Wailmer,water,,3,0,,False,False,False,20,1300,80,70,125,4,fast-then-very-slow,40,130,1,70,0,35,0,70,0,35,0,60,0
321,wailord,Wailord,water,,3,1,wailmer,False,False,False,145,3980,175,70,60,4,fast-then-very-slow,40,170,2,90,0,45,0,90,0,45,0,60,0
322,numel,Chamallot,fire,ground,3,0,,False,False,False,7,240,61,70,255,4,medium,20,60,0,60,0,40,0,65,1,45,0,35,0
323,camerupt,Camérupt,fire,ground,3,1,numel,False,False,False,19,2200,161,70,150,4,medium,20,70,0,100,1,70,0,105,1,75,0,40,0
324,torkoal,Chartor,fire,,3,0,,False,False,False,5,804,165,70,90,4,medium,20,70,0,85,0,140,2,85,0,70,0,20,0
325,spoink,Spoink,psychic,,3,0,,False,False,False,7,306,66,70,255,4,fast,20,60,0,25,0,35,0,70,0,80,1,60,0
326,grumpig,Groret,psychic,,3,1,spoink,False,False,False,9,715,165,70,60,4,fast,20,80,0,45,0,65,0,90,0,110,2,80,0
327,spinda,Spinda,normal,,3,0,,False,False,False,11,50,126,70,255,4,fast,15,60,0,60,0,60,0,60,1,60,0,60,0
328,trapinch,Kraknoix,ground,,3,0,,False,False,False,7,150,58,70,255,4,medium-slow,20,45,0,100,1,45,0,45,0,45,0,10,0
329,vibrava,Vibraninf,ground,dragon,3,1,trapinch,False,False,False,11,153,119,70,120,4,medium-slow,20,50,0,70,1,50,0,50,0,50,0,70,1
33,nidorino,Nidorino,poison,,1,1,nidoran-m,False,False,False,9,195,128,70,120,0,medium-slow,20,61,0,72,2,57,0,55,0,55,0,65,0
330,flygon,Libégon,ground,dragon,3,1,vibrava,False,False,False,20,820,234,70,45,4,medium-slow,20,80,0,100,1,80,0,80,0,80,0,100,2
331,cacnea,Cacnea,grass,,3,0,,False,False,False,4,513,67,35,190,4,medium-slow,20,50,0,85,0,40,0,85,1,40,0,35,0
332,cacturne,Cacturne,grass,dark,3,1,cacnea,False,False,False,13,774,166,35,60,4,medium-slow,20,70,0,115,1,60,0,115,1,60,0,55,0
333,swablu,Tylton,normal,flying,3,0,,False,False,False,4,12,62,70,255,4,slow-then-very-fast,20,45,0,40,0,60,0,40,0,75,1,50,0
334,altaria,Altaria,dragon,flying,3,1,swablu,False,False,False,11,206,172,70,45,4,slow-then-very-fast,20,75,0,70,0,90,0,70,0,105,2,80,0
335,zangoose,Mangriff,normal,,3,0,,False,False,False,13,403,160,70,90,4,slow-then-very-fast,20,73,0,115,2,60,0,60,0,60,0,90,0
336,seviper,Séviper,poison,,3,0,,False,False,False,27,525,160,70,90,4,fast-then-very-slow,20,73,0,100,1,60,0,100,1,60,0,65,0
337,lunatone,Séléroc,rock,psychic,3,0,,False,False,False,10,1680,161,70,45,-1,fast,25,90,0,55,0,65,0,95,2,85,0,70,0
338,solrock,Solaroc,rock,psychic,3,0,,False,False,False,12,1540,161,70,45,-1,fast,25,90,0,95,2,85,0,55,0,65,0,70,0
339,barboach,Barloche,water,ground,3,0,,False,False,False,4,19,58,70,190,4,medium,20,50,1,48,0,43,0,46,0,41,0,60,0
34,nidoking,Nidoking,poison,ground,1,1,nidorino,False,False,False,14,620,227,70,45,0,medium-slow,20,81,0,102,3,77,0,85,0,75,0,85,0
340,whiscash,Barbicha,water,ground,3,1,barboach,False,False,False,9,236,164,70,75,4,medium,20,110,2,78,0,73,0,76,0,71,0,60,0
341,corphish,Écrapince,water,,3,0,,False,False,False,6,115,62,70,205,4,fast-then-very-slow,15,43,0,80,1,65,0,50,0,35,0,35,0
342,crawdaunt,Colhomard,water,dark,3,1,corphish,False,False,False,11,328,164,70,155,4,fast-then-very-slow,15,63,0,120,2,85,0,90,0,55,0,55,0
343,baltoy,Balbuto,ground,psychic,3,0,,False,False,False,5,215,60,70,255,-1,medium,20,40,0,40,0,55,0,40,0,70,1,55,0
344,claydol,Kaorine,ground,psychic,3,1,baltoy,False,False,False,15,1080,175,70,90,-1,medium,20,60,0,70,0,105,0,70,0,120,2,75,0
345,lileep,Lilia,rock,grass,3,0,,False,False,False,10,238,71,70,45,1,slow-then-very-fast,30,66,0,41,0,77,0,61,0,87,1,23,0
346,cradily,Vacilys,rock,grass,3,1,lileep,False,False,False,15,604,173,70,45,1,slow-then-very-fast,30,86,0,81,0,97,0,81,0,107,2,43,0
347,anorith,Anorith,rock,bug,3,0,,False,False,False,7,125,71,70,45,1,slow-then-very-fast,30,45,0,95,1,50,0,40,0,50,0,75,0
348,armaldo,Armaldo,rock,bug,3,1,anorith,False,False,False,15,682,173,70,45,1,slow-then-very-fast,30,75,0,125,2,100,0,70,0,80,0,45,0
349,feebas,Barpau,water,,3,0,,False,False,False,6,74,40,70,255,4,slow-then-very-fast,20,20,0,15,0,20,0,10,0,55,0,80,1
35,clefairy,Mélofée,fairy,,1,1,cleffa,False,False,False,6,75,113,140,150,6,fast,10,70,2,45,0,48,0,60,0,65,0,35,0
350,milotic,Milobellus,water,,3,1,feebas,False,False,False,62,1620,189,70,60,4,slow-then-very-fast,20,95,0,60,0,79,0,100,0,125,2,81,0
351,castform,Morphéo,normal,,3,0,,False,False,False,3,8,147,70,45,4,medium,25,70,1,70,0,70,0,70,0,70,0,70,0
352,kecleon,Kecleon,normal,,3,0,,False,False,False,10,220,154,70,200,4,medium-slow,20,60,0,90,0,70,0,60,0,120,1,40,0
353,shuppet,Polichombr,ghost,,3,0,,False,False,False,6,23,59,35,225,4,fast,25,44,0,75,1,35,0,63,0,33,0,45,0
354,banette,Branette,ghost,,3,1,shuppet,False,False,False,11,125,159,35,45,4,fast,25,64,0,115,2,65,0,83,0,63,0,65,0
355,duskull,Skelénox,ghost,,3,0,,False,False,False,8,150,59,35,190,4,fast,25,20,0,40,0,90,0,30,0,90,1,25,0
356,dusclops,Téraclope,ghost,,3,1,duskull,False,False,False,16,306,159,35,90,4,fast,25,40,0,70,0,130,1,60,0,130,1,25,0
357,tropius,Tropius,grass,flying,3,0,,False,False,False,20,1000,161,70,200,4,slow,25,99,2,68,0,83,0,72,0,87,0,51,0
358,chimecho,Éoko,psychic,,3,1,chingling,False,False,False,6,10,159,70,45,4,fast,25,75,0,50,0,80,0,95,1,90,1,65,0
359,absol,Absol,dark,,3,0,,False,False,False,12,470,163,35,30,4,medium-slow,25,65,0,130,2,60,0,75,0,60,0,75,0
36,clefable,Mélodelfe,fairy,,1,1,clefairy,False,False,False,13,400,217,140,25,6,fast,10,95,3,70,0,73,0,95,0,90,0,60,0
360,wynaut,Okéoké,psychic,,3,0,,True,False,False,6,140,52,70,125,4,medium,20,95,1,23,0,48,0,23,0,48,0,23,0
361,snorunt,Stalgamin,ice,,3,0,,False,False,False,7,168,60,70,190,4,medium,20,50,1,50,0,50,0,50,0,50,0,50,0
362,glalie,Oniglali,ice,,3,1,snorunt,False,False,False,15,2565,168,70,75,4,medium,20,80,2,80,0,80,0,80,0,80,0,80,0
363,spheal,Obalie,ice,water,3,0,,False,False,False,8,395,58,70,255,4,medium-slow,20,70,1,40,0,50,0,55,0,50,0,25,0
364,sealeo,Phogleur,ice,water,3,1,spheal,False,False,False,11,876,144,70,120,4,medium-slow,20,90,2,60,0,70,0,75,0,70,0,45,0
365,walrein,Kaimorse,ice,water,3,1,sealeo,False,False,False,14,1506,239,70,45,4,medium-slow,20,110,3,80,0,90,0,95,0,90,0,65,0
366,clamperl,Coquiperl,water,,3,0,,False,False,False,4,525,69,70,255,4,slow-then-very-fast,20,35,0,64,0,85,1,74,0,55,0,32,0
367,huntail,Serpang,water,,3,1,clamperl,False,False,False,17,270,170,70,60,4,slow-then-very-fast,20,55,0,104,1,105,1,94,0,75,0,52,0
368,gorebyss,Rosabyss,water,,3,1,clamperl,False,False,False,18,226,170,70,60,4,slow-then-very-fast,20,55,0,84,0,105,0,114,2,75,0,52,0
369,relicanth,Relicanth,water,rock,3,0,,False,False,False,10,234,170,70,25,1,slow,40,100,1,90,0,130,1,45,0,65,0,55,0
37,vulpix,Goupix,fire,,1,0,,False,False,False,6,99,60,70,190,6,medium,20,38,0,41,0,40,0,50,0,65,0,65,1
370,luvdisc,Lovdisc,water,,3,0,,False,False,False,6,87,116,70,225,6,fast,20,43,0,30,0,55,0,40,0,65,0,97,1
371,bagon,Draby,dragon,,3,0,,False,False,False,6,421,60,35,45,4,slow,40,45,0,75,1,60,0,40,0,30,0,50,0
372,shelgon,Drackhaus,dragon,,3,1,bagon,False,False,False,11,1105,147,35,45,4,slow,40,65,0,95,0,100,2,60,0,50,0,50,0
373,salamence,Drattak,dragon,flying,3,1,shelgon,False,False,False,15,1026,270,35,45,4,slow,40,95,0,135,3,80,0,110,0,80,0,100,0
374,beldum,Terhal,steel,psychic,3,0,,False,False,False,6,952,60,35,3,-1,slow,40,40,0,55,0,80,1,35,0,60,0,30,0
375,metang,Métang,steel,psychic,3,1,beldum,False,False,False,12,2025,147,35,3,-1,slow,40,60,0,75,0,100,2,55,0,80,0,50,0
376,metagross,Métalosse,steel,psychic,3,1,metang,False,False,False,16,5500,270,35,3,-1,slow,40,80,0,135,0,130,3,95,0,90,0,70,0
377,regirock,Regirock,rock,,3,0,,False,True,False,17,2300,261,35,3,-1,slow,80,80,0,100,0,200,3,50,0,100,0,50,0
378,regice,Regice,ice,,3,0,,False,True,False,18,1750,261,35,3,-1,slow,80,80,0,50,0,100,0,100,0,200,3,50,0
379,registeel,Registeel,steel,,3,0,,False,True,False,19,2050,261,35,3,-1,slow,80,80,0,75,0,150,2,75,0,150,1,50,0
38,ninetales,Feunard,fire,,1,1,vulpix,False,False,False,11,199,177,70,75,6,medium,20,73,0,76,0,75,0,81,0,100,1,100,1
380,latias,Latias,dragon,psychic,3,0,,False,True,False,14,400,270,90,3,8,slow,120,80,0,80,0,90,0,110,0,130,3,110,0
381,latios,Latios,dragon,psychic,3,0,,False,True,False,20,600,270,90,3,0,slow,120,80,0,90,0,80,0,130,3,110,0,110,0
382,kyogre,Kyogre,water,,3,0,,False,True,False,45,3520,302,0,3,-1,slow,120,100,0,100,0,90,0,150,3,140,0,90,0
383,groudon,Groudon,ground,,3,0,,False,True,False,35,9500,302,0,3,-1,slow,120,100,0,150,3,140,0,100,0,90,0,90,0
384,rayquaza,Rayquaza,dragon,flying,3,0,,False,True,False,70,2065,306,0,45,-1,slow,120,105,0,150,2,90,0,150,1,90,0,95,0
385,jirachi,Jirachi,steel,psychic,3,0,,False,False,True,3,11,270,100,3,-1,slow,120,100,3,100,0,100,0,100,0,100,0,100,0
386,deoxys,Deoxys,psychic,,3,0,,False,False,True,17,608,270,0,3,-1,slow,120,50,0,150,1,50,0,150,1,50,0,150,1
387,turtwig,Tortipouss,grass,,4,0,,False,False,False,4,102,64,70,45,1,medium-slow,20,55,0,68,1,64,0,45,0,55,0,31,0
388,grotle,Boskara,grass,,4,1,turtwig,False,False,False,11,970,142,70,45,1,medium-slow,20,75,0,89,1,85,1,55,0,65,0,36,0
389,torterra,Torterra,grass,ground,4,1,grotle,False,False,False,22,3100,236,70,45,1,medium-slow,20,95,0,109,2,105,1,75,0,85,0,56,0
39,jigglypuff,Rondoudou,normal,fairy,1,1,igglybuff,False,False,False,5,55,95,70,170,6,fast,10,115,2,45,0,20,0,45,0,25,0,20,0
390,chimchar,Ouisticram,fire,,4,0,,False,False,False,5,62,62,70,45,1,medium-slow,20,44,0,58,0,44,0,58,0,44,0,61,1
391,monferno,Chimpenfeu,fire,fighting,4,1,chimchar,False,False,False,9,220,142,70,45,1,medium-slow,20,64,0,78,0,52,0,78,1,52,0,81,1
392,infernape,Simiabraz,fire,fighting,4,1,monferno,False,False,False,12,550,240,70,45,1,medium-slow,20,76,0,104,1,71,0,104,1,71,0,108,1
393,piplup,Tiplouf,water,,4,0,,False,False,False,4,52,63,70,45,1,medium-slow,20,53,0,51,0,53,0,61,1,56,0,40,0
394,prinplup,Prinplouf,water,,4,1,piplup,False,False,False,8,230,142,70,45,1,medium-slow,20,64,0,66,0,68,0,81,2,76,0,50,0
395,empoleon,Pingoléon,water,steel,4,1,prinplup,False,False,False,17,845,239,70,45,1,medium-slow,20,84,0,86,0,88,0,111,3,101,0,60,0
396,starly,Étourmi,normal,flying,4,0,,False,False,False,3,20,49,70,255,4,medium-slow,15,40,0,55,0,30,0,30,0,30,0,60,1
397,staravia,Étourvol,normal,flying,4,1,starly,False,False,False,6,155,119,70,120,4,medium-slow,15,55,0,75,0,50,0,40,0,40,0,80,2
398,staraptor,Étouraptor,normal,flying,4,1,staravia,False,False,False,12,249,218,70,45,4,medium-slow,15,85,0,120,3,70,0,50,0,60,0,100,0
399,bidoof,Keunotor,normal,,4,0,,False,False,False,5,200,50,70,255,4,medium,15,59,1,45,0,40,0,35,0,40,0,31,0
4,charmander,Salamèche,fire,,1,0,,False,False,False,6,85,62,70,45,1,medium-slow,20,39,0,52,0,43,0,60,0,50,0,65,1
40,wigglytuff,Grodoudou,normal,fairy,1,1,jigglypuff,False,False,False,10,120,196,70,50,6,fast,10,140,3,70,0,45,0,85,0,50,0,45,0
400,bibarel,Castorno,normal,water,4,1,bidoof,False,False,False,10,315,144,70,127,4,medium,15,79,0,85,2,60,0,55,0,60,0,71,0
401,kricketot,Crikzik,bug,,4,0,,False,False,False,3,22,39,70,255,4,medium-slow,15,37,0,25,0,41,1,25,0,41,0,25,0
402,kricketune,Mélokrik,bug,,4,1,kricketot,False,False,False,10,255,134,70,45,4,medium-slow,15,77,0,85,2,51,0,55,0,51,0,65,0
403,shinx,Lixy,electric,,4,0,,False,False,False,5,95,53,70,235,4,medium-slow,20,45,0,65,1,34,0,40,0,34,0,45,0
404,luxio,Luxio,electric,,4,1,shinx,False,False,False,9,305,127,100,120,4,medium-slow,20,60,0,85,2,49,0,60,0,49,0,60,0
405,luxray,Luxray,electric,,4,1,luxio,False,False,False,14,420,235,70,45,4,medium-slow,20,80,0,120,3,79,0,95,0,79,0,70,0
406,budew,Rozbouton,grass,poison,4,0,,True,False,False,2,12,56,70,255,4,medium-slow,20,40,0,30,0,35,0,50,1,70,0,55,0
407,roserade,Roserade,grass,poison,4,1,roselia,False,False,False,9,145,232,70,75,4,medium-slow,20,60,0,70,0,65,0,125,3,105,0,90,0
408,cranidos,Kranidos,rock,,4,0,,False,False,False,9,315,70,70,45,1,slow-then-very-fast,30,67,0,125,1,40,0,30,0,30,0,58,0
409,rampardos,Charkos,rock,,4,1,cranidos,False,False,False,16,1025,173,70,45,1,slow-then-very-fast,30,97,0,165,2,60,0,65,0,50,0,58,0
41,zubat,Nosferapti,poison,flying,1,0,,False,False,False,8,75,49,70,255,4,medium,15,40,0,45,0,35,0,30,0,40,0,55,1
410,shieldon,Dinoclier,rock,steel,4,0,,False,False,False,5,570,70,70,45,1,slow-then-very-fast,30,30,0,42,0,118,1,42,0,88,0,30,0
411,bastiodon,Bastiodon,rock,steel,4,1,shieldon,False,False,False,13,1495,173,70,45,1,slow-then-very-fast,30,60,0,52,0,168,2,47,0,138,0,30,0
412,burmy,Cheniti,bug,,4,0,,False,False,False,2,34,45,70,120,4,medium,15,40,0,29,0,45,0,29,0,45,1,36,0
413,wormadam,Cheniselle,bug,grass,4,1,burmy,False,False,False,5,65,148,70,45,8,medium,15,60,0,59,0,85,0,79,0,105,2,36,0
414,mothim,Papilord,bug,flying,4,1,burmy,False,False,False,9,233,148,70,45,0,medium,15,70,0,94,1,50,0,94,1,50,0,66,0
415,combee,Apitrini,bug,flying,4,0,,False,False,False,3,55,49,70,120,1,medium-slow,15,30,0,30,0,42,0,30,0,42,0,70,1
416,vespiquen,Apireine,bug,flying,4,1,combee,False,False,False,12,385,166,70,45,8,medium-slow,15,70,0,80,0,102,1,80,0,102,1,40,0
417,pachirisu,Pachirisu,electric,,4,0,,False,False,False,4,39,142,100,200,4,medium,10,60,0,45,0,70,0,45,0,90,0,95,1
418,buizel,Mustébouée,water,,4,0,,False,False,False,7,295,66,70,190,4,medium,20,55,0,65,0,35,0,60,0,30,0,85,1
419,floatzel,Mustéflott,water,,4,1,buizel,False,False,False,11,335,173,70,75,4,medium,20,85,0,105,0,55,0,85,0,50,0,115,2
42,golbat,Nosferalto,poison,flying,1,1,zubat,False,False,False,16,550,159,70,90,4,medium,15,75,0,80,0,70,0,65,0,75,0,90,2
420,cherubi,Ceribou,grass,,4,0,,False,False,False,4,33,55,70,190,4,medium,20,45,0,35,0,45,0,62,1,53,0,35,0
421,cherrim,Ceriflor,grass,,4,1,cherubi,False,False,False,5,93,158,70,75,4,medium,20,70,0,60,0,70,0,87,2,78,0,85,0
422,shellos,Sancoki,water,,4,0,,False,False,False,3,63,65,70,190,4,medium,20,76,1,48,0,48,0,57,0,62,0,34,0
423,gastrodon,Tritosor,water,ground,4,1,shellos,False,False,False,9,299,166,70,75,4,medium,20,111,2,83,0,68,0,92,0,82,0,39,0
424,ambipom,Capidextre,normal,,4,1,aipom,False,False,False,12,203,169,100,45,4,fast,20,75,0,100,0,66,0,60,0,66,0,115,2
425,drifloon,Baudrive,ghost,flying,4,0,,False,False,False,4,12,70,70,125,4,fast-then-very-slow,30,90,1,50,0,34,0,60,0,44,0,70,0
426,drifblim,Grodrive,ghost,flying,4,1,drifloon,False,False,False,12,150,174,70,60,4,fast-then-very-slow,30,150,2,80,0,44,0,90,0,54,0,80,0
427,buneary,Laporeille,normal,,4,0,,False,False,False,4,55,70,0,190,4,medium,20,55,0,66,0,44,0,44,0,56,0,85,1
428,lopunny,Lockpin,normal,,4,1,buneary,False,False,False,12,333,168,140,60,4,medium,20,65,0,76,0,84,0,54,0,96,0,105,2
429,mismagius,Magirêve,ghost,,4,1,misdreavus,False,False,False,9,44,173,35,45,4,fast,25,60,0,60,0,60,0,105,1,105,1,105,0
43,oddish,Mystherbe,grass,poison,1,0,,False,False,False,5,54,64,70,255,4,medium-slow,20,45,0,50,0,55,0,75,1,65,0,30,0
430,honchkrow,Corboss,dark,flying,4,1,murkrow,False,False,False,9,273,177,35,30,4,medium-slow,20,100,0,125,2,52,0,105,0,52,0,71,0
431,glameow,Chaglam,normal,,4,0,,False,False,False,5,39,62,70,190,6,fast,20,49,0,55,0,42,0,42,0,37,0,85,1
432,purugly,東施喵,normal,,4,1,glameow,False,False,False,10,438,158,70,75,6,fast,20,71,0,82,0,64,0,64,0,59,0,112,2
433,chingling,Korillon,psychic,,4,0,,True,False,False,2,6,57,70,120,4,fast,25,45,0,30,0,50,0,65,1,50,0,45,0
434,stunky,Moufouette,poison,dark,4,0,,False,False,False,4,192,66,70,225,4,medium,20,63,0,63,0,47,0,41,0,41,0,74,1
435,skuntank,Moufflair,poison,dark,4,1,stunky,False,False,False,10,380,168,70,60,4,medium,20,103,2,93,0,67,0,71,0,61,0,84,0
436,bronzor,Archéomire,steel,psychic,4,0,,False,False,False,5,605,60,70,255,-1,medium,20,57,0,24,0,86,1,24,0,86,0,23,0
437,bronzong,Archéodong,steel,psychic,4,1,bronzor,False,False,False,13,1870,175,70,90,-1,medium,20,67,0,89,0,116,1,79,0,116,1,33,0
438,bonsly,Manzaï,rock,,4,0,,True,False,False,5,150,58,70,255,4,medium,20,50,0,80,0,95,1,10,0,45,0,10,0
439,mime-jr,Mime Jr.,psychic,fairy,4,0,,True,False,False,6,130,62,70,145,4,medium,25,20,0,25,0,45,0,70,0,90,1,60,0
44,gloom,Ortide,grass,poison,1,1,oddish,False,False,False,8,86,138,70,120,4,medium-slow,20,60,0,65,0,70,0,85,2,75,0,40,0
440,happiny,Ptiravi,normal,,4,0,,True,False,False,6,244,110,140,130,8,fast,40,100,1,5,0,5,0,15,0,65,0,30,0
441,chatot,Pijako,normal,flying,4,0,,False,False,False,5,19,144,35,30,4,medium-slow,20,76,0,65,1,45,0,92,0,42,0,91,0
442,spiritomb,Spiritomb,ghost,dark,4,0,,False,False,False,10,1080,170,70,100,4,medium,30,50,0,92,0,108,1,92,0,108,1,35,0
443,gible,Griknot,dragon,ground,4,0,,False,False,False,7,205,60,70,45,4,slow,40,58,0,70,1,45,0,40,0,45,0,42,0
444,gabite,Carmache,dragon,ground,4,1,gible,False,False,False,14,560,144,70,45,4,slow,40,68,0,90,2,65,0,50,0,55,0,82,0
445,garchomp,Carchacrok,dragon,ground,4,1,gabite,False,False,False,19,950,270,70,45,4,slow,40,108,0,130,3,95,0,80,0,85,0,102,0
446,munchlax,Goinfrex,normal,,4,0,,True,False,False,6,1050,78,70,50,1,slow,40,135,1,85,0,40,0,40,0,85,0,5,0
447,riolu,Riolu,fighting,,4,0,,True,False,False,7,202,57,70,75,1,medium-slow,25,40,0,70,1,40,0,35,0,40,0,60,0
448,lucario,Lucario,fighting,steel,4,1,riolu,False,False,False,12,540,184,70,45,1,medium-slow,25,70,0,110,1,70,0,115,1,70,0,90,0
449,hippopotas,Hippopotas,ground,,4,0,,False,False,False,8,495,66,70,140,4,slow,30,68,0,72,0,78,1,38,0,42,0,32,0
45,vileplume,Rafflesia,grass,poison,1,1,gloom,False,False,False,12,186,221,70,45,4,medium-slow,20,75,0,80,0,85,0,110,3,90,0,50,0
450,hippowdon,Hippodocus,ground,,4,1,hippopotas,False,False,False,20,3000,184,70,60,4,slow,30,108,0,112,0,118,2,68,0,72,0,47,0
451,skorupi,Rapion,poison,bug,4,0,,False,False,False,8,120,66,70,120,4,slow,20,40,0,50,0,90,1,30,0,55,0,65,0
452,drapion,Drascore,poison,dark,4,1,skorupi,False,False,False,13,615,175,70,45,4,slow,20,70,0,90,0,110,2,60,0,75,0,95,0
453,croagunk,Cradopaud,poison,fighting,4,0,,False,False,False,7,230,60,100,140,4,medium,10,48,0,61,1,40,0,61,0,40,0,50,0
454,toxicroak,Coatox,poison,fighting,4,1,croagunk,False,False,False,13,444,172,70,75,4,medium,20,83,0,106,2,65,0,86,0,65,0,85,0
455,carnivine,Vortente,grass,,4,0,,False,False,False,14,270,159,70,200,4,slow,25,74,0,100,2,72,0,90,0,72,0,46,0
456,finneon,Écayon,water,,4,0,,False,False,False,4,70,66,70,190,4,slow-then-very-fast,20,49,0,49,0,56,0,49,0,61,0,66,1
457,lumineon,Luminéon,water,,4,1,finneon,False,False,False,12,240,161,70,75,4,slow-then-very-fast,20,69,0,69,0,76,0,69,0,86,0,91,2
458,mantyke,Babimanta,water,flying,4,0,,True,False,False,10,650,69,70,25,4,slow,25,45,0,20,0,50,0,60,0,120,1,50,0
459,snover,Blizzi,grass,ice,4,0,,False,False,False,10,505,67,70,120,4,slow,20,60,0,62,1,50,0,62,0,60,0,40,0
46,paras,Paras,bug,grass,1,0,,False,False,False,3,54,57,70,190,4,medium,20,35,0,70,1,55,0,45,0,55,0,25,0
460,abomasnow,Blizzaroi,grass,ice,4,1,snover,False,False,False,22,1355,173,70,60,4,slow,20,90,0,92,1,75,0,92,1,85,0,60,0
461,weavile,Dimoret,dark,ice,4,1,sneasel,False,False,False,11,340,179,35,45,4,medium-slow,20,70,0,120,1,65,0,45,0,85,0,125,1
462,magnezone,Magnézone,electric,steel,4,1,magneton,False,False,False,12,1800,241,70,30,-1,medium,20,70,0,70,0,115,0,130,3,90,0,60,0
463,lickilicky,Coudlangue,normal,,4,1,lickitung,False,False,False,17,1400,180,70,30,4,medium,20,110,3,85,0,95,0,80,0,95,0,50,0
464,rhyperior,Rhinastoc,ground,rock,4,1,rhydon,False,False,False,24,2828,241,70,30,4,slow,20,115,0,140,3,130,0,55,0,55,0,40,0
465,tangrowth,Bouldeneu,grass,,4,1,tangela,False,False,False,20,1286,187,70,30,4,medium,20,100,0,100,0,125,2,110,0,50,0,50,0
466,electivire,Élekable,electric,,4,1,electabuzz,False,False,False,18,1386,243,70,30,2,medium,25,75,0,123,3,67,0,95,0,85,0,95,0
467,magmortar,Maganon,fire,,4,1,magmar,False,False,False,16,680,243,70,30,2,medium,25,75,0,95,0,67,0,125,3,95,0,83,0
468,togekiss,Togekiss,fairy,flying,4,1,togetic,False,False,False,15,380,245,70,30,1,fast,10,85,0,50,0,95,0,120,2,115,1,80,0
469,yanmega,Yanmega,bug,flying,4,1,yanma,False,False,False,19,515,180,70,30,4,medium,20,86,0,76,2,86,0,116,0,56,0,95,0
47,parasect,Parasect,bug,grass,1,1,paras,False,False,False,10,295,142,70,75,4,medium,20,60,0,95,2,80,1,60,0,80,0,30,0
470,leafeon,Phyllali,grass,,4,1,eevee,False,False,False,10,255,184,35,45,1,medium,35,65,0,110,0,130,2,60,0,65,0,95,0
471,glaceon,Givrali,ice,,4,1,eevee,False,False,False,8,259,184,35,45,1,medium,35,65,0,60,0,110,0,130,2,95,0,65,0
472,gliscor,Scorvol,ground,flying,4,1,gligar,False,False,False,20,425,179,70,30,4,medium-slow,20,75,0,95,0,125,2,45,0,75,0,95,0
473,mamoswine,Mammochon,ice,ground,4,1,piloswine,False,False,False,25,2910,239,70,50,4,slow,20,110,0,130,3,80,0,70,0,60,0,80,0
474,porygon-z,Porygon-Z,normal,,4,1,porygon2,False,False,False,9,340,241,70,30,-1,medium,20,85,0,80,0,70,0,135,3,75,0,90,0
475,gallade,Gallame,psychic,fighting,4,1,kirlia,False,False,False,16,520,233,35,45,0,slow,20,68,0,125,3,65,0,65,0,115,0,80,0
476,probopass,Tarinorme,rock,steel,4,1,nosepass,False,False,False,14,3400,184,70,60,4,medium,20,60,0,55,0,145,1,75,0,150,2,40,0
477,dusknoir,Noctunoir,ghost,,4,1,dusclops,False,False,False,22,1066,236,35,45,4,fast,25,45,0,100,0,135,1,65,0,135,2,45,0
478,froslass,Momartik,ice,ghost,4,1,snorunt,False,False,False,13,266,168,70,75,8,medium,20,70,0,80,0,70,0,80,0,70,0,110,2
479,rotom,Motisma,electric,ghost,4,0,,False,False,False,3,3,154,70,45,-1,medium,20,50,0,50,0,77,0,95,1,77,0,91,1
48,venonat,Mimitoss,bug,poison,1,0,,False,False,False,10,300,61,70,190,4,medium,20,60,0,55,0,50,0,40,0,55,1,45,0
480,uxie,Créhelf,psychic,,4,0,,False,True,False,3,3,261,140,3,-1,slow,80,75,0,75,0,130,2,75,0,130,1,95,0
481,mesprit,Créfollet,psychic,,4,0,,False,True,False,3,3,261,140,3,-1,slow,80,80,0,105,1,105,0,105,1,105,1,80,0
482,azelf,Créfadet,psychic,,4,0,,False,True,False,3,3,261,140,3,-1,slow,80,75,0,125,2,70,0,125,1,70,0,115,0
483,dialga,Dialga,steel,dragon,4,0,,False,True,False,54,6830,306,0,3,-1,slow,120,100,0,120,0,120,0,150,3,100,0,90,0
484,palkia,Palkia,water,dragon,4,0,,False,True,False,42,3360,306,0,3,-1,slow,120,90,0,120,0,100,0,150,3,120,0,100,0
485,heatran,Heatran,fire,steel,4,0,,False,True,False,17,4300,270,100,3,4,slow,10,91,0,90,0,106,0,130,3,106,0,77,0
486,regigigas,Regigigas,normal,,4,0,,False,True,False,37,4200,302,0,3,-1,slow,120,110,0,160,3,110,0,80,0,110,0,100,0
487,giratina,Giratina,ghost,dragon,4,0,,False,True,False,45,7500,306,0,3,-1,slow,120,150,3,100,0,120,0,100,0,120,0,90,0
488,cresselia,Cresselia,psychic,,4,0,,False,True,False,15,856,270,100,3,8,slow,120,120,0,70,0,110,0,75,0,120,3,85,0
489,phione,Phione,water,,4,0,,False,False,True,4,31,216,70,30,-1,slow,40,80,1,80,0,80,0,80,0,80,0,80,0
49,venomoth,Aéromite,bug,poison,1,1,venonat,False,False,False,15,125,158,70,75,4,medium,20,70,0,65,0,60,0,90,1,75,0,90,1
490,manaphy,Manaphy,water,,4,0,,False,False,True,3,14,270,70,3,-1,slow,10,100,3,100,0,100,0,100,0,100,0,100,0
491,darkrai,Darkrai,dark,,4,0,,False,False,True,15,505,270,0,3,-1,slow,120,70,0,90,0,90,0,135,2,90,0,125,1
492,shaymin,Shaymin,grass,,4,0,,False,False,True,2,21,270,100,45,-1,medium-slow,120,100,3,100,0,100,0,100,0,100,0,100,0
493,arceus,Arceus,normal,,4,0,,False,False,True,32,3200,324,0,3,-1,slow,120,120,3,120,0,120,0,120,0,120,0,120,0
494,victini,Victini,psychic,fire,5,0,,False,False,True,4,40,270,100,3,-1,slow,120,100,3,100,0,100,0,100,0,100,0,100,0
495,snivy,Vipélierre,grass,,5,0,,False,False,False,6,81,62,70,45,1,medium-slow,20,45,0,45,0,55,0,45,0,55,0,63,1
496,servine,Lianaja,grass,,5,1,snivy,False,False,False,8,160,145,70,45,1,medium-slow,20,60,0,60,0,75,0,60,0,75,0,83,2
497,serperior,Majaspic,grass,,5,1,servine,False,False,False,33,630,238,70,45,1,medium-slow,20,75,0,75,0,95,0,75,0,95,0,113,3
498,tepig,Gruikui,fire,,5,0,,False,False,False,5,99,62,70,45,1,medium-slow,20,65,1,63,0,45,0,45,0,45,0,45,0
499,pignite,Grotichon,fire,fighting,5,1,tepig,False,False,False,10,555,146,70,45,1,medium-slow,20,90,0,93,2,55,0,70,0,55,0,55,0
5,charmeleon,Reptincel,fire,,1,1,charmander,False,False,False,11,190,142,70,45,1,medium-slow,20,58,0,64,0,58,0,80,1,65,0,80,1
50,diglett,Taupiqueur,ground,,1,0,,False,False,False,2,8,53,70,255,4,medium,20,10,0,55,0,25,0,35,0,45,0,95,1
500,emboar,Roitiflam,fire,fighting,5,1,pignite,False,False,False,16,1500,238,70,45,1,medium-slow,20,110,0,123,3,65,0,100,0,65,0,65,0
501,oshawott,Moustillon,water,,5,0,,False,False,False,5,59,62,70,45,1,medium-slow,20,55,0,55,0,45,0,63,1,45,0,45,0
502,dewott,Mateloutre,water,,5,1,oshawott,False,False,False,8,245,145,70,45,1,medium-slow,20,75,0,75,0,60,0,83,2,60,0,60,0
503,samurott,Clamiral,water,,5,1,dewott,False,False,False,15,946,238,70,45,1,medium-slow,20,95,0,100,0,85,0,108,3,70,0,70,0
504,patrat,Ratentif,normal,,5,0,,False,False,False,5,116,51,70,255,4,medium,15,45,0,55,1,39,0,35,0,39,0,42,0
505,watchog,步哨鼠,normal,,5,1,patrat,False,False,False,11,270,147,70,255,4,medium,20,60,0,85,2,69,0,60,0,69,0,77,0
506,lillipup,Ponchiot,normal,,5,0,,False,False,False,4,41,55,70,255,4,medium-slow,15,45,0,60,1,45,0,25,0,45,0,55,0
507,herdier,Ponchien,normal,,5,1,lillipup,False,False,False,9,147,130,70,120,4,medium-slow,15,65,0,80,2,65,0,35,0,65,0,60,0
508,stoutland,Mastouffe,normal,,5,1,herdier,False,False,False,12,610,225,70,45,4,medium-slow,15,85,0,110,3,90,0,45,0,90,0,80,0
509,purrloin,Chacripan,dark,,5,0,,False,False,False,4,101,56,70,255,4,medium,20,41,0,50,0,37,0,50,0,37,0,66,1
51,dugtrio,Triopikeur,ground,,1,1,diglett,False,False,False,7,333,149,70,50,4,medium,20,35,0,100,0,50,0,50,0,70,0,120,2
510,liepard,Léopardus,dark,,5,1,purrloin,False,False,False,11,375,156,70,90,4,medium,20,64,0,88,0,50,0,88,0,50,0,106,2
511,pansage,Feuillajou,grass,,5,0,,False,False,False,6,105,63,70,190,1,medium,20,50,0,53,0,48,0,53,0,48,0,64,1
512,simisage,Feuiloutan,grass,,5,1,pansage,False,False,False,11,305,174,70,75,1,medium,20,75,0,98,0,63,0,98,0,63,0,101,2
513,pansear,Flamajou,fire,,5,0,,False,False,False,6,110,63,70,190,1,medium,20,50,0,53,0,48,0,53,0,48,0,64,1
514,simisear,Flamoutan,fire,,5,1,pansear,False,False,False,10,280,174,70,75,1,medium,20,75,0,98,0,63,0,98,0,63,0,101,2
515,panpour,Flotajou,water,,5,0,,False,False,False,6,135,63,70,190,1,medium,20,50,0,53,0,48,0,53,0,48,0,64,1
516,simipour,Flotoutan,water,,5,1,panpour,False,False,False,10,290,174,70,75,1,medium,20,75,0,98,0,63,0,98,0,63,0,101,2
517,munna,Munna,psychic,,5,0,,False,False,False,6,233,58,70,190,4,fast,10,76,1,25,0,45,0,67,0,55,0,24,0
518,musharna,Mushana,psychic,,5,1,munna,False,False,False,11,605,170,70,75,4,fast,10,116,2,55,0,85,0,107,0,95,0,29,0
519,pidove,Poichigeon,normal,flying,5,0,,False,False,False,3,21,53,70,255,4,medium-slow,15,50,0,55,1,50,0,36,0,30,0,43,0
52,meowth,Miaouss,normal,,1,0,,False,False,False,4,42,58,70,255,4,medium,20,40,0,45,0,35,0,40,0,40,0,90,1
520,tranquill,Colombeau,normal,flying,5,1,pidove,False,False,False,6,150,125,70,120,4,medium-slow,15,62,0,77,2,62,0,50,0,42,0,65,0
521,unfezant,Déflaisan,normal,flying,5,1,tranquill,False,False,False,12,290,220,70,45,4,medium-slow,15,80,0,115,3,80,0,65,0,55,0,93,0
522,blitzle,Zébibron,electric,,5,0,,False,False,False,8,298,59,70,190,4,medium,20,45,0,60,0,32,0,50,0,32,0,76,1
523,zebstrika,Zéblitz,electric,,5,1,blitzle,False,False,False,16,795,174,70,75,4,medium,20,75,0,100,0,63,0,80,0,63,0,116,2
524,roggenrola,Nodulithe,rock,,5,0,,False,False,False,4,180,56,70,255,4,medium-slow,15,55,0,75,0,85,1,25,0,25,0,15,0
525,boldore,Géolithe,rock,,5,1,roggenrola,False,False,False,9,1020,137,70,120,4,medium-slow,15,70,0,105,1,105,1,50,0,40,0,20,0
526,gigalith,Gigalithe,rock,,5,1,boldore,False,False,False,17,2600,232,70,45,4,medium-slow,15,85,0,135,3,130,0,60,0,80,0,25,0
527,woobat,Chovsourir,psychic,flying,5,0,,False,False,False,4,21,65,70,190,4,medium,15,65,0,45,0,43,0,55,0,43,0,72,1
528,swoobat,Rhinolove,psychic,flying,5,1,woobat,False,False,False,9,105,149,70,45,4,medium,15,67,0,57,0,55,0,77,0,55,0,114,2
529,drilbur,Rototaupe,ground,,5,0,,False,False,False,3,85,66,70,120,4,medium,20,60,0,85,1,40,0,30,0,45,0,68,0
53,persian,Persian,normal,,1,1,meowth,False,False,False,10,320,154,70,90,4,medium,20,65,0,70,0,60,0,65,0,65,0,115,2
530,excadrill,Minotaupe,ground,steel,5,1,drilbur,False,False,False,7,404,178,70,60,4,medium,20,110,0,135,2,60,0,50,0,65,0,88,0
531,audino,Nanméouïe,normal,,5,0,,False,False,False,11,310,390,70,255,4,fast,20,103,2,60,0,86,0,60,0,86,0,50,0
532,timburr,Charpenti,fighting,,5,0,,False,False,False,6,125,61,70,180,2,medium-slow,20,75,0,80,1,55,0,25,0,35,0,35,0
533,gurdurr,Ouvrifier,fighting,,5,1,timburr,False,False,False,12,400,142,70,90,2,medium-slow,20,85,0,105,2,85,0,40,0,50,0,40,0
534,conkeldurr,Bétochef,fighting,,5,1,gurdurr,False,False,False,14,870,227,70,45,2,medium-slow,20,105,0,140,3,95,0,55,0,65,0,45,0
535,tympole,Tritonde,water,,5,0,,False,False,False,5,45,59,70,255,4,medium-slow,20,50,0,50,0,40,0,50,0,40,0,64,1
536,palpitoad,Batracné,water,ground,5,1,tympole,False,False,False,8,170,134,70,120,4,medium-slow,20,75,2,65,0,55,0,65,0,55,0,69,0
537,seismitoad,Crapustule,water,ground,5,1,palpitoad,False,False,False,15,620,229,70,45,4,medium-slow,20,105,3,95,0,75,0,85,0,75,0,74,0
538,throh,Judokrak,fighting,,5,0,,False,False,False,13,555,163,70,45,0,medium,20,120,2,100,0,85,0,30,0,85,0,45,0
539,sawk,Karaclée,fighting,,5,0,,False,False,False,14,510,163,70,45,0,medium,20,75,0,125,2,75,0,30,0,75,0,85,0
54,psyduck,Psykokwak,water,,1,0,,False,False,False,8,196,64,70,190,4,medium,20,50,0,52,0,48,0,65,1,50,0,55,0
540,sewaddle,Larveyette,bug,grass,5,0,,False,False,False,3,25,62,70,255,4,medium-slow,15,45,0,53,0,70,1,40,0,60,0,42,0
541,swadloon,Couverdure,bug,grass,5,1,sewaddle,False,False,False,5,73,133,70,120,4,medium-slow,15,55,0,63,0,90,2,50,0,80,0,42,0
542,leavanny,Manternel,bug,grass,5,1,swadloon,False,False,False,12,205,225,70,45,4,medium-slow,15,75,0,103,3,80,0,70,0,80,0,92,0
543,venipede,Venipatte,bug,poison,5,0,,False,False,False,4,53,52,70,255,4,medium-slow,15,30,0,45,0,59,1,30,0,39,0,57,0
544,whirlipede,Scobolide,bug,poison,5,1,venipede,False,False,False,12,585,126,70,120,4,medium-slow,15,40,0,55,0,99,2,40,0,79,0,47,0
545,scolipede,Brutapode,bug,poison,5,1,whirlipede,False,False,False,25,2005,218,70,45,4,medium-slow,20,60,0,100,0,89,0,55,0,69,0,112,3
546,cottonee,Doudouvet,grass,fairy,5,0,,False,False,False,3,6,56,70,190,4,medium,20,40,0,27,0,60,0,37,0,50,0,66,1
547,whimsicott,Farfaduvet,grass,fairy,5,1,cottonee,False,False,False,7,66,168,70,75,4,medium,20,60,0,67,0,85,0,77,0,75,0,116,2
548,petilil,Chlorobule,grass,,5,0,,False,False,False,5,66,56,70,190,8,medium,20,45,0,35,0,50,0,70,1,50,0,30,0
549,lilligant,Fragilady,grass,,5,1,petilil,False,False,False,11,163,168,70,75,8,medium,20,70,0,60,0,75,0,110,2,75,0,90,0
55,golduck,Akwakwak,water,,1,1,psyduck,False,False,False,17,766,175,70,75,4,medium,20,80,0,82,0,78,0,95,2,80,0,85,0
550,basculin,Bargantua,water,,5,0,,False,False,False,10,180,161,70,25,4,medium,40,70,0,92,0,65,0,80,0,55,0,98,2
551,sandile,Mascaïman,ground,dark,5,0,,False,False,False,7,152,58,70,180,4,medium-slow,20,50,0,72,1,35,0,35,0,35,0,65,0
552,krokorok,Escroco,ground,dark,5,1,sandile,False,False,False,10,334,123,70,90,4,medium-slow,20,60,0,82,2,45,0,45,0,45,0,74,0
553,krookodile,Crocorible,ground,dark,5,1,krokorok,False,False,False,15,963,234,70,45,4,medium-slow,20,95,0,117,3,80,0,65,0,70,0,92,0
554,darumaka,Darumarond,fire,,5,0,,False,False,False,6,375,63,70,120,4,medium-slow,20,70,0,90,1,45,0,15,0,45,0,50,0
555,darmanitan,Darumacho,fire,,5,1,darumaka,False,False,False,13,929,168,70,60,4,medium-slow,20,105,0,140,2,55,0,30,0,55,0,95,0
556,maractus,Maracachi,grass,,5,0,,False,False,False,10,280,161,70,255,4,medium,20,75,0,86,0,67,0,106,2,67,0,60,0
557,dwebble,Crabicoque,bug,rock,5,0,,False,False,False,3,145,65,70,190,4,medium,20,50,0,65,0,85,1,35,0,35,0,55,0
558,crustle,Crabaraque,bug,rock,5,1,dwebble,False,False,False,14,2000,170,70,75,4,medium,20,70,0,105,0,125,2,65,0,75,0,45,0
559,scraggy,Baggiguane,dark,fighting,5,0,,False,False,False,6,118,70,35,180,4,medium,15,50,0,75,1,70,0,35,0,70,0,48,0
56,mankey,Férosinge,fighting,,1,0,,False,False,False,5,280,61,70,190,4,medium,20,40,0,80,1,35,0,35,0,45,0,70,0
560,scrafty,Baggaïd,dark,fighting,5,1,scraggy,False,False,False,11,300,171,70,90,4,medium,15,65,0,90,0,115,1,45,0,115,1,58,0
561,sigilyph,Cryptéro,psychic,flying,5,0,,False,False,False,14,140,172,70,45,4,medium,20,72,0,58,0,80,0,103,2,80,0,97,0
562,yamask,Tutafeh,ghost,,5,0,,False,False,False,5,15,61,70,190,4,medium,25,38,0,30,0,85,1,55,0,65,0,30,0
563,cofagrigus,Tutankafer,ghost,,5,1,yamask,False,False,False,17,765,169,70,90,4,medium,25,58,0,50,0,145,2,95,0,105,0,30,0
564,tirtouga,Carapagos,water,rock,5,0,,False,False,False,7,165,71,70,45,1,medium,30,54,0,78,0,103,1,53,0,45,0,22,0
565,carracosta,Mégapagos,water,rock,5,1,tirtouga,False,False,False,12,810,173,70,45,1,medium,30,74,0,108,0,133,2,83,0,65,0,32,0
566,archen,Arkéapti,rock,flying,5,0,,False,False,False,5,95,71,70,45,1,medium,30,55,0,112,1,45,0,74,0,45,0,70,0
567,archeops,Aéroptéryx,rock,flying,5,1,archen,False,False,False,14,320,177,70,45,1,medium,30,75,0,140,2,65,0,112,0,65,0,110,0
568,trubbish,Miamiasme,poison,,5,0,,False,False,False,6,310,66,70,190,4,medium,20,50,0,50,0,62,0,40,0,62,0,65,1
569,garbodor,Miasmax,poison,,5,1,trubbish,False,False,False,19,1073,166,70,60,4,medium,20,80,0,95,2,82,0,60,0,82,0,75,0
57,primeape,Colossinge,fighting,,1,1,mankey,False,False,False,10,320,159,70,75,4,medium,20,65,0,105,2,60,0,60,0,70,0,95,0
570,zorua,Zorua,dark,,5,0,,False,False,False,7,125,66,70,75,1,medium-slow,25,40,0,65,0,40,0,80,1,40,0,65,0
571,zoroark,Zoroark,dark,,5,1,zorua,False,False,False,16,811,179,70,45,1,medium-slow,20,60,0,105,0,60,0,120,2,60,0,105,0
572,minccino,Chinchidou,normal,,5,0,,False,False,False,4,58,60,70,255,6,fast,15,55,0,50,0,40,0,40,0,40,0,75,1
573,cinccino,Pashmilla,normal,,5,1,minccino,False,False,False,5,75,165,70,60,6,fast,15,75,0,95,0,60,0,65,0,60,0,115,2
574,gothita,Scrutella,psychic,,5,0,,False,False,False,4,58,58,70,200,6,medium-slow,20,45,0,30,0,50,0,55,0,65,1,45,0
575,gothorita,Mesmérella,psychic,,5,1,gothita,False,False,False,7,180,137,70,100,6,medium-slow,20,60,0,45,0,70,0,75,0,85,2,55,0
576,gothitelle,Sidérella,psychic,,5,1,gothorita,False,False,False,15,440,221,70,50,6,medium-slow,20,70,0,55,0,95,0,95,0,110,3,65,0
577,solosis,Nucléos,psychic,,5,0,,False,False,False,3,10,58,70,200,4,medium-slow,20,45,0,30,0,40,0,105,1,50,0,20,0
578,duosion,Méios,psychic,,5,1,solosis,False,False,False,6,80,130,70,100,4,medium-slow,20,65,0,40,0,50,0,125,2,60,0,30,0
579,reuniclus,Symbios,psychic,,5,1,duosion,False,False,False,10,201,221,70,50,4,medium-slow,20,110,0,65,0,75,0,125,3,85,0,30,0
58,growlithe,Caninos,fire,,1,0,,False,False,False,7,190,70,70,190,2,slow,20,55,0,70,1,45,0,70,0,50,0,60,0
580,ducklett,Couaneton,water,flying,5,0,,False,False,False,5,55,61,70,190,4,medium,20,62,1,44,0,50,0,44,0,50,0,55,0
581,swanna,Lakmécygne,water,flying,5,1,ducklett,False,False,False,13,242,166,70,45,4,medium,20,75,0,87,0,63,0,87,0,63,0,98,2
582,vanillite,Sorbébé,ice,,5,0,,False,False,False,4,57,61,70,255,4,slow,20,36,0,50,0,50,0,65,1,60,0,44,0
583,vanillish,Sorboul,ice,,5,1,vanillite,False,False,False,11,410,138,70,120,4,slow,20,51,0,65,0,65,0,80,2,75,0,59,0
584,vanilluxe,Sorbouboul,ice,,5,1,vanillish,False,False,False,13,575,241,70,45,4,slow,20,71,0,95,0,85,0,110,3,95,0,79,0
585,deerling,Vivaldaim,normal,grass,5,0,,False,False,False,6,195,67,70,190,4,medium,20,60,0,60,0,50,0,40,0,50,0,75,1
586,sawsbuck,Haydaim,normal,grass,5,1,deerling,False,False,False,19,925,166,70,75,4,medium,20,80,0,100,2,70,0,60,0,70,0,95,0
587,emolga,Emolga,electric,flying,5,0,,False,False,False,4,50,150,70,200,4,medium,20,55,0,75,0,60,0,75,0,60,0,103,2
588,karrablast,Carabing,bug,,5,0,,False,False,False,5,59,63,70,200,4,medium,15,50,0,75,1,45,0,40,0,45,0,60,0
589,escavalier,Lançargot,bug,steel,5,1,karrablast,False,False,False,10,330,173,70,75,4,medium,15,70,0,135,2,105,0,60,0,105,0,20,0
59,arcanine,Arcanin,fire,,1,1,growlithe,False,False,False,19,1550,194,70,75,2,slow,20,90,0,110,2,80,0,100,0,80,0,95,0
590,foongus,Trompignon,grass,poison,5,0,,False,False,False,2,10,59,70,190,4,medium,20,69,1,55,0,45,0,55,0,55,0,15,0
591,amoonguss,Gaulet,grass,poison,5,1,foongus,False,False,False,6,105,162,70,75,4,medium,20,114,2,85,0,70,0,85,0,80,0,30,0
592,frillish,Viskuse,water,ghost,5,0,,False,False,False,12,330,67,70,190,4,medium,20,55,0,40,0,50,0,65,0,85,1,40,0
593,jellicent,Moyade,water,ghost,5,1,frillish,False,False,False,22,1350,168,70,60,4,medium,20,100,0,60,0,70,0,85,0,105,2,60,0
594,alomomola,Mamanbo,water,,5,0,,False,False,False,12,316,165,70,75,4,fast,40,165,2,75,0,80,0,40,0,45,0,65,0
595,joltik,Statitik,bug,electric,5,0,,False,False,False,1,6,64,70,190,4,medium,20,50,0,47,0,50,0,57,0,50,0,65,1
596,galvantula,Mygavolt,bug,electric,5,1,joltik,False,False,False,8,143,165,70,75,4,medium,20,70,0,77,0,60,0,97,0,60,0,108,2
597,ferroseed,Grindur,grass,steel,5,0,,False,False,False,6,188,61,70,255,4,medium,20,44,0,50,0,91,1,24,0,86,0,10,0
598,ferrothorn,Noacier,grass,steel,5,1,ferroseed,False,False,False,10,1100,171,70,90,4,medium,20,74,0,94,0,131,2,54,0,116,0,20,0
599,klink,Tic,steel,,5,0,,False,False,False,3,210,60,70,130,-1,medium-slow,20,40,0,55,0,70,1,45,0,60,0,30,0
6,charizard,Dracaufeu,fire,flying,1,1,charmeleon,False,False,False,17,905,240,70,45,1,medium-slow,20,78,0,84,0,78,0,109,3,85,0,100,0
60,poliwag,Ptitard,water,,1,0,,False,False,False,6,124,60,70,255,4,medium-slow,20,40,0,50,0,40,0,40,0,40,0,90,1
600,klang,Clic,steel,,5,1,klink,False,False,False,6,510,154,70,60,-1,medium-slow,20,60,0,80,0,95,2,70,0,85,0,50,0
601,klinklang,Cliticlic,steel,,5,1,klang,False,False,False,6,810,234,70,30,-1,medium-slow,20,60,0,100,0,115,3,70,0,85,0,90,0
602,tynamo,Anchwatt,electric,,5,0,,False,False,False,2,3,55,70,190,4,slow,20,35,0,55,0,40,0,45,0,40,0,60,1
603,eelektrik,Lampéroie,electric,,5,1,tynamo,False,False,False,12,220,142,70,60,4,slow,20,65,0,85,2,70,0,75,0,70,0,40,0
604,eelektross,Ohmassacre,electric,,5,1,eelektrik,False,False,False,21,805,232,70,30,4,slow,20,85,0,115,3,80,0,105,0,80,0,50,0
605,elgyem,Lewsor,psychic,,5,0,,False,False,False,5,90,67,70,255,4,medium,20,55,0,55,0,55,0,85,1,55,0,30,0
606,beheeyem,Neitram,psychic,,5,1,elgyem,False,False,False,10,345,170,70,90,4,medium,20,75,0,75,0,75,0,125,2,95,0,40,0
607,litwick,Funécire,ghost,fire,5,0,,False,False,False,3,31,55,70,190,4,medium-slow,20,50,0,30,0,55,0,65,1,55,0,20,0
608,lampent,Mélancolux,ghost,fire,5,1,litwick,False,False,False,6,130,130,70,90,4,medium-slow,20,60,0,40,0,60,0,95,2,60,0,55,0
609,chandelure,Lugulabre,ghost,fire,5,1,lampent,False,False,False,10,343,234,70,45,4,medium-slow,20,60,0,55,0,90,0,145,3,90,0,80,0
61,poliwhirl,Têtarte,water,,1,1,poliwag,False,False,False,10,200,135,70,120,4,medium-slow,20,65,0,65,0,65,0,50,0,50,0,90,2
610,axew,Coupenotte,dragon,,5,0,,False,False,False,6,180,64,35,75,4,slow,40,46,0,87,1,60,0,30,0,40,0,57,0
611,fraxure,Incisache,dragon,,5,1,axew,False,False,False,10,360,144,35,60,4,slow,40,66,0,117,2,70,0,40,0,50,0,67,0
612,haxorus,Tranchodon,dragon,,5,1,fraxure,False,False,False,18,1055,243,35,45,4,slow,40,76,0,147,3,90,0,60,0,70,0,97,0
613,cubchoo,Polarhume,ice,,5,0,,False,False,False,5,85,61,70,120,4,medium,20,55,0,70,1,40,0,60,0,40,0,40,0
614,beartic,Polagriffe,ice,,5,1,cubchoo,False,False,False,26,2600,177,70,60,4,medium,20,95,0,130,2,80,0,70,0,80,0,50,0
615,cryogonal,Hexagel,ice,,5,0,,False,False,False,11,1480,180,70,25,-1,medium,25,80,0,50,0,50,0,95,0,135,2,105,0
616,shelmet,Escargaume,bug,,5,0,,False,False,False,4,77,61,70,200,4,medium,15,50,0,40,0,85,1,40,0,65,0,25,0
617,accelgor,Limaspeed,bug,,5,1,shelmet,False,False,False,8,253,173,70,75,4,medium,15,80,0,70,0,40,0,100,0,60,0,145,2
618,stunfisk,Limonde,ground,electric,5,0,,False,False,False,7,110,165,70,75,4,medium,20,109,2,66,0,84,0,81,0,99,0,32,0
619,mienfoo,Kungfouine,fighting,,5,0,,False,False,False,9,200,70,70,180,4,medium-slow,25,45,0,85,1,50,0,55,0,50,0,65,0
62,poliwrath,Tartard,water,fighting,1,1,poliwhirl,False,False,False,13,540,230,70,45,4,medium-slow,20,90,0,95,0,95,3,70,0,90,0,70,0
620,mienshao,Shaofouine,fighting,,5,1,mienfoo,False,False,False,14,355,179,70,45,4,medium-slow,25,65,0,125,2,60,0,95,0,60,0,105,0
621,druddigon,Drakkarmin,dragon,,5,0,,False,False,False,16,1390,170,70,45,4,medium,30,77,0,120,2,90,0,60,0,90,0,48,0
622,golett,Gringolem,ground,ghost,5,0,,False,False,False,10,920,61,70,190,-1,medium,25,59,0,74,1,50,0,35,0,50,0,35,0
623,golurk,Golemastoc,ground,ghost,5,1,golett,False,False,False,28,3300,169,70,90,-1,medium,25,89,0,124,2,80,0,55,0,80,0,55,0
624,pawniard,Scalpion,dark,steel,5,0,,False,False,False,5,102,68,35,120,4,medium,20,45,0,85,1,70,0,40,0,40,0,60,0
625,bisharp,Scalproie,dark,steel,5,1,pawniard,False,False,False,16,700,172,35,45,4,medium,20,65,0,125,2,100,0,60,0,70,0,70,0
626,bouffalant,Frison,normal,,5,0,,False,False,False,16,946,172,70,45,4,medium,20,95,0,110,2,95,0,40,0,95,0,55,0
627,rufflet,Furaiglon,normal,flying,5,0,,False,False,False,5,105,70,70,190,0,slow,20,70,0,83,1,50,0,37,0,50,0,60,0
628,braviary,Gueriaigle,normal,flying,5,1,rufflet,False,False,False,15,410,179,70,60,0,slow,20,100,0,123,2,75,0,57,0,75,0,80,0
629,vullaby,Vostourno,dark,flying,5,0,,False,False,False,5,90,74,35,190,8,slow,20,70,0,55,0,75,1,45,0,65,0,60,0
63,abra,Abra,psychic,,1,0,,False,False,False,9,195,62,70,200,2,medium-slow,20,25,0,20,0,15,0,105,1,55,0,90,0
630,mandibuzz,Vaututrice,dark,flying,5,1,vullaby,False,False,False,12,395,179,35,60,8,slow,20,110,0,65,0,105,0,55,2,95,0,80,0
631,heatmor,Aflamanoir,fire,,5,0,,False,False,False,14,580,169,70,90,4,medium,20,85,0,97,0,66,0,105,2,66,0,65,0
632,durant,Fermite,bug,steel,5,0,,False,False,False,3,330,169,70,90,4,medium,20,58,0,109,0,112,2,48,0,48,0,109,0
633,deino,Solochi,dark,dragon,5,0,,False,False,False,8,173,60,35,45,4,slow,40,52,0,65,1,50,0,45,0,50,0,38,0
634,zweilous,Diamat,dark,dragon,5,1,deino,False,False,False,14,500,147,35,45,4,slow,40,72,0,85,2,70,0,65,0,70,0,58,0
635,hydreigon,Trioxhydre,dark,dragon,5,1,zweilous,False,False,False,18,1600,270,35,45,4,slow,40,92,0,105,0,90,0,125,3,90,0,98,0
636,larvesta,Pyronille,bug,fire,5,0,,False,False,False,11,288,72,70,45,4,slow,40,55,0,85,1,55,0,50,0,55,0,60,0
637,volcarona,Pyrax,bug,fire,5,1,larvesta,False,False,False,16,460,248,70,15,4,slow,40,85,0,60,0,65,0,135,3,105,0,100,0
638,cobalion,Cobaltium,steel,fighting,5,0,,False,True,False,21,2500,261,35,3,-1,slow,80,91,0,90,0,129,3,90,0,72,0,108,0
639,terrakion,Terrakium,rock,fighting,5,0,,False,True,False,19,2600,261,35,3,-1,slow,80,91,0,129,3,90,0,72,0,90,0,108,0
64,kadabra,Kadabra,psychic,,1,1,abra,False,False,False,13,565,140,70,100,2,medium-slow,20,40,0,35,0,30,0,120,2,70,0,105,0
640,virizion,Viridium,grass,fighting,5,0,,False,True,False,20,2000,261,35,3,-1,slow,80,91,0,90,0,72,0,90,0,129,3,108,0
641,tornadus,Boréas,flying,,5,0,,False,True,False,15,630,261,90,3,0,slow,120,79,0,115,3,70,0,125,0,80,0,111,0
642,thundurus,Fulguris,electric,flying,5,0,,False,True,False,15,610,261,90,3,0,slow,120,79,0,115,3,70,0,125,0,80,0,111,0
643,reshiram,Reshiram,dragon,fire,5,0,,False,True,False,32,3300,306,0,3,-1,slow,120,100,0,120,0,100,0,150,3,120,0,90,0
644,zekrom,Zekrom,dragon,electric,5,0,,False,True,False,29,3450,306,0,3,-1,slow,120,100,0,150,3,120,0,120,0,100,0,90,0
645,landorus,Démétéros,ground,flying,5,0,,False,True,False,15,680,270,90,3,0,slow,120,89,0,125,0,90,0,115,3,80,0,101,0
646,kyurem,Kyurem,dragon,ice,5,0,,False,True,False,30,3250,297,0,3,-1,slow,120,125,1,130,1,90,0,130,1,90,0,95,0
647,keldeo,Keldeo,water,fighting,5,0,,False,False,True,14,485,261,35,3,-1,slow,80,91,0,72,0,90,0,129,3,90,0,108,0
648,meloetta,Meloetta,normal,psychic,5,0,,False,False,True,6,65,270,100,3,-1,slow,120,100,0,77,0,77,0,128,1,128,1,90,1
649,genesect,Genesect,bug,steel,5,0,,False,False,True,15,825,270,0,3,-1,slow,120,71,0,120,1,95,0,120,1,95,0,99,1
65,alakazam,Alakazam,psychic,,1,1,kadabra,False,False,False,15,480,225,70,50,2,medium-slow,20,55,0,50,0,45,0,135,3,95,0,120,0
650,chespin,Marisson,grass,,6,0,,False,False,False,4,90,63,70,45,1,medium-slow,20,56,0,61,0,65,1,48,0,45,0,38,0
651,quilladin,Boguérisse,grass,,6,1,chespin,False,False,False,7,290,142,70,45,1,medium-slow,20,61,0,78,0,95,2,56,0,58,0,57,0
652,chesnaught,Blindépique,grass,fighting,6,1,quilladin,False,False,False,16,900,239,70,45,1,medium-slow,20,88,0,107,0,122,3,74,0,75,0,64,0
653,fennekin,Feunnec,fire,,6,0,,False,False,False,4,94,61,70,45,1,medium-slow,20,40,0,45,0,40,0,62,1,60,0,60,0
654,braixen,Roussil,fire,,6,1,fennekin,False,False,False,10,145,143,70,45,1,medium-slow,20,59,0,59,0,58,0,90,2,70,0,73,0
655,delphox,Goupelin,fire,psychic,6,1,braixen,False,False,False,15,390,240,70,45,1,medium-slow,20,75,0,69,0,72,0,114,3,100,0,104,0
656,froakie,Grenousse,water,,6,0,,False,False,False,3,70,63,70,45,1,medium-slow,20,41,0,56,0,40,0,62,0,44,0,71,1
657,frogadier,Croâporal,water,,6,1,froakie,False,False,False,6,109,142,70,45,1,medium-slow,20,54,0,63,0,52,0,83,0,56,0,97,2
658,greninja,Amphinobi,water,dark,6,1,frogadier,False,False,False,15,400,239,70,45,1,medium-slow,20,72,0,95,0,67,0,103,0,71,0,122,3
659,bunnelby,Sapereau,normal,,6,0,,False,False,False,4,50,47,70,255,4,medium,15,38,0,36,0,38,0,32,0,36,0,57,1
66,machop,Machoc,fighting,,1,0,,False,False,False,8,195,61,70,180,2,medium-slow,20,70,0,80,1,50,0,35,0,35,0,35,0
660,diggersby,Excavarenne,normal,ground,6,1,bunnelby,False,False,False,10,424,148,70,127,4,medium,15,85,2,56,0,77,0,50,0,77,0,78,0
661,fletchling,Passerouge,normal,flying,6,0,,False,False,False,3,17,56,70,255,4,medium-slow,15,45,0,50,0,43,0,40,0,38,0,62,1
662,fletchinder,Braisillon,fire,flying,6,1,fletchling,False,False,False,7,160,134,70,120,4,medium-slow,15,62,0,73,0,55,0,56,0,52,0,84,2
663,talonflame,Flambusard,fire,flying,6,1,fletchinder,False,False,False,12,245,175,70,45,4,medium-slow,15,78,0,81,0,71,0,74,0,69,0,126,3
664,scatterbug,Lépidonille,bug,,6,0,,False,False,False,3,25,40,70,255,4,medium,15,38,0,35,0,40,1,27,0,25,0,35,0
665,spewpa,Pérégrain,bug,,6,1,scatterbug,False,False,False,3,84,75,70,120,4,medium,15,45,0,22,0,60,2,27,0,30,0,29,0
666,vivillon,Prismillon,bug,flying,6,1,spewpa,False,False,False,12,170,185,70,45,4,medium,15,80,1,52,0,50,0,90,1,50,0,89,1
667,litleo,Hélionceau,fire,normal,6,0,,False,False,False,6,135,74,70,220,7,medium-slow,20,62,0,50,0,58,0,73,1,54,0,72,0
668,pyroar,Némélios,fire,normal,6,1,litleo,False,False,False,15,815,177,70,65,7,medium-slow,20,86,0,68,0,72,0,109,2,66,0,106,0
669,flabebe,Flabébé,fairy,,6,0,,False,False,False,1,1,61,70,225,8,medium,20,44,0,38,0,39,0,61,0,79,1,42,0
67,machoke,Machopeur,fighting,,1,1,machop,False,False,False,15,705,142,70,90,2,medium-slow,20,80,0,100,2,70,0,50,0,60,0,45,0
670,floette,Floette,fairy,,6,1,flabebe,False,False,False,2,9,130,70,120,8,medium,20,54,0,45,0,47,0,75,0,98,2,52,0
671,florges,Florges,fairy,,6,1,floette,False,False,False,11,100,248,70,45,8,medium,20,78,0,65,0,68,0,112,0,154,3,75,0
672,skiddo,Cabriolaine,grass,,6,0,,False,False,False,9,310,70,70,200,4,medium,20,66,1,65,0,48,0,62,0,57,0,52,0
673,gogoat,Chevroum,grass,,6,1,skiddo,False,False,False,17,910,186,70,45,4,medium,20,123,2,100,0,62,0,97,0,81,0,68,0
674,pancham,Pandespiègle,fighting,,6,0,,False,False,False,6,80,70,70,220,4,medium,25,67,0,82,1,62,0,46,0,48,0,43,0
675,pangoro,Pandarbare,fighting,dark,6,1,pancham,False,False,False,21,1360,173,70,65,4,medium,25,95,0,124,2,78,0,69,0,71,0,58,0
676,furfrou,Couafarel,normal,,6,0,,False,False,False,12,280,165,70,160,4,medium,20,75,0,80,0,60,0,65,0,90,0,102,1
677,espurr,Psystigri,psychic,,6,0,,False,False,False,3,35,71,70,190,4,medium,20,62,0,48,0,54,0,63,0,60,0,68,1
678,meowstic,Mistigrix,psychic,,6,1,espurr,False,False,False,6,85,163,70,75,4,medium,20,74,0,48,0,76,0,83,0,81,0,104,2
679,honedge,Monorpale,steel,ghost,6,0,,False,False,False,8,20,65,70,180,4,medium,20,45,0,80,0,100,1,35,0,37,0,28,0
68,machamp,Mackogneur,fighting,,1,1,machoke,False,False,False,16,1300,227,70,45,2,medium-slow,20,90,0,130,3,80,0,65,0,85,0,55,0
680,doublade,Dimoclès,steel,ghost,6,1,honedge,False,False,False,8,45,157,70,90,4,medium,20,59,0,110,0,150,2,45,0,49,0,35,0
681,aegislash,Exagide,steel,ghost,6,1,doublade,False,False,False,17,530,234,70,45,4,medium,20,60,0,50,0,140,2,50,0,140,1,60,0
682,spritzee,Fluvetin,fairy,,6,0,,False,False,False,2,5,68,70,200,4,medium,20,78,1,52,0,60,0,63,0,65,0,23,0
683,aromatisse,Cocotine,fairy,,6,1,spritzee,False,False,False,8,155,162,70,140,4,medium,20,101,2,72,0,72,0,99,0,89,0,29,0
684,swirlix,Sucroquin,fairy,,6,0,,False,False,False,4,35,68,70,200,4,medium,20,62,0,48,0,66,1,59,0,57,0,49,0
685,slurpuff,Cupcanaille,fairy,,6,1,swirlix,False,False,False,8,50,168,70,140,4,medium,20,82,0,80,0,86,2,85,0,75,0,72,0
686,inkay,Sepiatop,dark,psychic,6,0,,False,False,False,4,35,58,70,190,4,medium,20,53,0,54,1,53,0,37,0,46,0,45,0
687,malamar,Sepiatroce,dark,psychic,6,1,inkay,False,False,False,15,470,169,70,80,4,medium,20,86,0,92,2,88,0,68,0,75,0,73,0
688,binacle,Opermine,rock,water,6,0,,False,False,False,5,310,61,70,120,4,medium,20,42,0,52,1,67,0,39,0,56,0,50,0
689,barbaracle,Golgopathe,rock,water,6,1,binacle,False,False,False,13,960,175,70,45,4,medium,20,72,0,105,2,115,0,54,0,86,0,68,0
69,bellsprout,Chétiflor,grass,poison,1,0,,False,False,False,7,40,60,70,255,4,medium-slow,20,50,0,75,1,35,0,70,0,30,0,40,0
690,skrelp,Venalgue,poison,water,6,0,,False,False,False,5,73,64,70,225,4,medium,20,50,0,60,0,60,0,60,0,60,1,30,0
691,dragalge,Kravarech,poison,dragon,6,1,skrelp,False,False,False,18,815,173,70,55,4,medium,20,65,0,75,0,90,0,97,0,123,2,44,0
692,clauncher,Flingouste,water,,6,0,,False,False,False,5,83,66,70,225,4,slow,15,50,0,53,0,62,0,58,1,63,0,44,0
693,clawitzer,Gamblast,water,,6,1,clauncher,False,False,False,13,353,100,70,55,4,slow,15,71,0,73,0,88,0,120,2,89,0,59,0
694,helioptile,Galvaran,electric,normal,6,0,,False,False,False,5,60,58,70,190,4,medium,20,44,0,38,0,33,0,61,0,43,0,70,1
695,heliolisk,Iguolta,electric,normal,6,1,helioptile,False,False,False,10,210,168,70,75,4,medium,20,62,0,55,0,52,0,109,1,94,0,109,1
696,tyrunt,Ptyranidur,rock,dragon,6,0,,False,False,False,8,260,72,70,45,1,medium,30,58,0,89,1,77,0,45,0,45,0,48,0
697,tyrantrum,Rexillius,rock,dragon,6,1,tyrunt,False,False,False,25,2700,182,70,45,1,medium,30,82,0,121,2,119,0,69,0,59,0,71,0
698,amaura,Amagara,rock,ice,6,0,,False,False,False,13,252,72,70,45,1,medium,30,77,1,59,0,50,0,67,0,63,0,46,0
699,aurorus,Dragmara,rock,ice,6,1,amaura,False,False,False,27,2250,104,70,45,1,medium,30,123,2,77,0,72,0,99,0,92,0,58,0
7,squirtle,Carapuce,water,,1,0,,False,False,False,5,90,63,70,45,1,medium-slow,20,44,0,48,0,65,1,50,0,64,0,43,0
70,weepinbell,Boustiflor,grass,poison,1,1,bellsprout,False,False,False,10,64,137,70,120,4,medium-slow,20,65,0,90,2,50,0,85,0,45,0,55,0
700,sylveon,Nymphali,fairy,,6,1,eevee,False,False,False,10,235,184,70,45,1,medium,35,95,0,65,0,65,0,110,0,130,2,60,0
701,hawlucha,Brutalibré,fighting,flying,6,0,,False,False,False,8,215,175,70,100,4,medium,20,78,0,92,2,75,0,74,0,63,0,118,0
702,dedenne,Dedenne,electric,fairy,6,0,,False,False,False,2,22,151,70,180,4,medium,20,67,0,58,0,57,0,81,0,67,0,101,2
703,carbink,Strassie,rock,fairy,6,0,,False,False,False,3,57,100,70,60,-1,slow,25,50,0,50,0,150,1,50,0,150,1,50,0
704,goomy,Mucuscule,dragon,,6,0,,False,False,False,3,28,60,35,45,4,slow,40,45,0,50,0,35,0,55,0,75,1,40,0
705,sliggoo,Colimucus,dragon,,6,1,goomy,False,False,False,8,175,158,35,45,4,slow,40,68,0,75,0,53,0,83,0,113,2,60,0
706,goodra,Muplodocus,dragon,,6,1,sliggoo,False,False,False,20,1505,270,35,45,4,slow,40,90,0,100,0,70,0,110,0,150,3,80,0
707,klefki,Trousselin,steel,fairy,6,0,,False,False,False,2,30,165,70,75,4,fast,20,57,0,80,0,91,1,80,0,87,0,75,0
708,phantump,Brocélôme,ghost,grass,6,0,,False,False,False,4,70,62,70,120,4,medium,20,43,0,70,1,48,0,50,0,60,0,38,0
709,trevenant,Desséliande,ghost,grass,6,1,phantump,False,False,False,15,710,166,70,60,4,medium,20,85,0,110,2,76,0,65,0,82,0,56,0
71,victreebel,Empiflor,grass,poison,1,1,weepinbell,False,False,False,17,155,221,70,45,4,medium-slow,20,80,0,105,3,65,0,100,0,70,0,70,0
710,pumpkaboo,Pitrouille,ghost,grass,6,0,,False,False,False,4,50,67,70,120,4,medium,20,49,0,66,0,70,1,44,0,55,0,51,0
711,gourgeist,Banshitrouye,ghost,grass,6,1,pumpkaboo,False,False,False,9,125,173,70,60,4,medium,20,65,0,90,0,122,2,58,0,75,0,84,0
712,bergmite,Grelaçon,ice,,6,0,,False,False,False,10,995,61,70,190,4,medium,20,55,0,69,0,85,1,32,0,35,0,28,0
713,avalugg,Séracrawl,ice,,6,1,bergmite,False,False,False,20,5050,180,70,55,4,medium,20,95,0,117,0,184,2,44,0,46,0,28,0
714,noibat,Sonistrelle,flying,dragon,6,0,,False,False,False,5,80,49,70,190,4,medium,20,40,0,30,0,35,0,45,0,40,0,55,1
715,noivern,Bruyverne,flying,dragon,6,1,noibat,False,False,False,15,850,187,70,45,4,medium,20,85,0,70,0,80,0,97,0,80,0,123,2
716,xerneas,Xerneas,fairy,,6,0,,False,True,False,30,2150,306,0,45,-1,slow,120,126,3,131,0,95,0,131,0,98,0,99,0
717,yveltal,Yveltal,dark,flying,6,0,,False,True,False,58,2030,306,0,45,-1,slow,120,126,3,131,0,95,0,131,0,98,0,99,0
718,zygarde,Zygarde,dragon,ground,6,0,,False,True,False,50,3050,270,0,3,-1,slow,120,108,3,100,0,121,0,81,0,95,0,95,0
719,diancie,Diancie,rock,fairy,6,0,,False,False,True,7,88,270,70,3,-1,slow,25,50,0,100,0,150,1,100,0,150,2,50,0
72,tentacool,Tentacool,water,poison,1,0,,False,False,False,9,455,67,70,190,4,slow,20,40,0,40,0,35,0,50,0,100,1,70,0
720,hoopa,Hoopa,psychic,ghost,6,0,,False,False,True,5,90,270,100,3,-1,slow,120,80,0,110,0,60,0,150,3,130,0,70,0
721,volcanion,Volcanion,fire,water,6,0,,False,False,True,17,1950,270,100,3,-1,slow,120,80,0,110,0,120,0,130,3,90,0,70,0
722,rowlet,Brindibou,grass,flying,7,0,,False,False,False,3,15,64,70,45,1,medium-slow,15,68,1,55,0,55,0,50,0,50,0,42,0
723,dartrix,Efflèche,grass,flying,7,1,rowlet,False,False,False,7,160,147,70,45,1,medium-slow,15,78,2,75,0,75,0,70,0,70,0,52,0
724,decidueye,Archéduc,grass,ghost,7,1,dartrix,False,False,False,16,366,239,70,45,1,medium-slow,15,78,0,107,3,75,0,100,0,100,0,70,0
725,litten,Flamiaou,fire,,7,0,,False,False,False,4,43,64,70,45,1,medium-slow,15,45,0,65,0,40,0,60,0,40,0,70,1
726,torracat,Matoufeu,fire,,7,1,litten,False,False,False,7,250,147,70,45,1,medium-slow,15,65,0,85,0,50,0,80,0,50,0,90,2
727,incineroar,Félinferno,fire,dark,7,1,torracat,False,False,False,18,830,239,70,45,1,medium-slow,15,95,0,115,3,90,0,80,0,90,0,60,0
728,popplio,Otaquin,water,,7,0,,False,False,False,4,75,64,70,45,1,medium-slow,15,50,0,54,0,54,0,66,1,56,0,40,0
729,brionne,Otarlette,water,,7,1,popplio,False,False,False,6,175,147,70,45,1,medium-slow,15,60,0,69,0,69,0,91,2,81,0,50,0
73,tentacruel,Tentacruel,water,poison,1,1,tentacool,False,False,False,16,550,180,70,60,4,slow,20,80,0,70,0,65,0,80,0,120,2,100,0
730,primarina,Oratoria,water,fairy,7,1,brionne,False,False,False,18,440,239,70,45,1,medium-slow,15,80,0,74,0,74,0,126,3,116,0,60,0
731,pikipek,Picassaut,normal,flying,7,0,,False,False,False,3,12,53,70,255,4,medium,15,35,0,75,1,30,0,30,0,30,0,65,0
732,trumbeak,Piclairon,normal,flying,7,1,pikipek,False,False,False,6,148,124,70,120,4,medium,15,55,0,85,2,50,0,40,0,50,0,75,0
733,toucannon,Bazoucan,normal,flying,7,1,trumbeak,False,False,False,11,260,218,70,45,4,medium,15,80,0,120,3,75,0,75,0,75,0,60,0
734,yungoos,Manglouton,normal,,7,0,,False,False,False,4,60,51,70,255,4,medium,15,48,0,70,1,30,0,30,0,30,0,45,0
735,gumshoos,Argouste,normal,,7,1,yungoos,False,False,False,7,142,146,70,127,4,medium,15,88,0,110,2,60,0,55,0,60,0,45,0
736,grubbin,Larvibule,bug,,7,0,,False,False,False,4,44,60,70,255,4,medium,15,47,0,62,1,45,0,55,0,45,0,46,0
737,charjabug,Chrysapile,bug,electric,7,1,grubbin,False,False,False,5,105,140,70,120,4,medium,15,57,0,82,0,95,2,55,0,75,0,36,0
738,vikavolt,Lucanon,bug,electric,7,1,charjabug,False,False,False,15,450,225,70,45,4,medium,15,77,0,70,0,90,0,145,3,75,0,43,0
739,crabrawler,Crabagarre,fighting,,7,0,,False,False,False,6,70,68,70,225,4,medium,20,47,0,82,1,57,0,42,0,47,0,63,0
74,geodude,Racaillou,rock,ground,1,0,,False,False,False,4,200,60,70,255,4,medium-slow,15,40,0,80,0,100,1,30,0,30,0,20,0
740,crabominable,Crabominable,fighting,ice,7,1,crabrawler,False,False,False,17,1800,167,70,60,4,medium,20,97,0,132,2,77,0,62,0,67,0,43,0
741,oricorio,Plumeline,fire,flying,7,0,,False,False,False,6,34,167,70,45,6,medium,20,75,0,70,0,70,0,98,2,70,0,93,0
742,cutiefly,Bombydou,bug,fairy,7,0,,False,False,False,1,2,61,70,190,4,medium,20,40,0,45,0,40,0,55,0,40,0,84,1
743,ribombee,Rubombelle,bug,fairy,7,1,cutiefly,False,False,False,2,5,162,70,75,4,medium,20,60,0,55,0,60,0,95,0,70,0,124,2
744,rockruff,Rocabot,rock,,7,0,,False,False,False,5,92,56,70,190,4,medium,15,45,0,65,1,40,0,30,0,40,0,60,0
745,lycanroc,Lougaroc,rock,,7,1,rockruff,False,False,False,8,250,170,70,90,4,medium,15,75,0,115,2,65,0,55,0,65,0,112,0
746,wishiwashi,Froussardine,water,,7,0,,False,False,False,2,3,61,70,60,4,fast,15,45,1,20,0,20,0,25,0,25,0,40,0
747,mareanie,Vorastérie,poison,water,7,0,,False,False,False,4,80,61,70,190,4,medium,20,50,0,53,0,62,1,43,0,52,0,45,0
748,toxapex,Prédastérie,poison,water,7,1,mareanie,False,False,False,7,145,173,70,75,4,medium,20,50,0,63,0,152,2,53,0,142,0,35,0
749,mudbray,Tiboudet,ground,,7,0,,False,False,False,10,1100,77,70,190,4,medium,20,70,0,100,1,70,0,45,0,55,0,45,0
75,graveler,Gravalanch,rock,ground,1,1,geodude,False,False,False,10,1050,137,70,120,4,medium-slow,15,55,0,95,0,115,2,45,0,45,0,35,0
750,mudsdale,Bourrinos,ground,,7,1,mudbray,False,False,False,25,9200,175,70,60,4,medium,20,100,0,125,2,100,0,55,0,85,0,35,0
751,dewpider,Araqua,water,bug,7,0,,False,False,False,3,40,54,70,200,4,medium,15,38,0,40,0,52,0,40,0,72,1,27,0
752,araquanid,Tarenbulle,water,bug,7,1,dewpider,False,False,False,18,820,159,70,100,4,medium,15,68,0,70,0,92,0,50,0,132,2,42,0
753,fomantis,Mimantis,grass,,7,0,,False,False,False,3,15,50,70,190,4,medium,20,40,0,55,1,35,0,50,0,35,0,35,0
754,lurantis,Floramantis,grass,,7,1,fomantis,False,False,False,9,185,168,70,75,4,medium,20,70,0,105,2,90,0,80,0,90,0,45,0
755,morelull,Spododo,grass,fairy,7,0,,False,False,False,2,15,57,70,190,4,medium,20,40,0,35,0,55,0,65,0,75,1,15,0
756,shiinotic,Lampignon,grass,fairy,7,1,morelull,False,False,False,10,115,142,70,75,4,medium,20,60,0,45,0,80,0,90,0,100,2,30,0
757,salandit,Tritox,poison,fire,7,0,,False,False,False,6,48,64,70,120,1,medium,20,48,0,44,0,40,0,71,0,40,0,77,1
758,salazzle,Malamandre,poison,fire,7,1,salandit,False,False,False,12,222,168,70,45,8,medium,20,68,0,64,0,60,0,111,0,60,0,117,2
759,stufful,Nounourson,normal,fighting,7,0,,False,False,False,5,68,68,70,140,4,medium,15,70,0,75,1,50,0,45,0,50,0,50,0
76,golem,Grolem,rock,ground,1,1,graveler,False,False,False,14,3000,223,70,45,4,medium-slow,15,80,0,120,0,130,3,55,0,65,0,45,0
760,bewear,Chelours,normal,fighting,7,1,stufful,False,False,False,21,1350,175,70,70,4,medium,15,120,0,125,2,80,0,55,0,60,0,60,0
761,bounsweet,Croquine,grass,,7,0,,False,False,False,3,32,42,70,235,8,medium-slow,20,42,1,30,0,38,0,30,0,38,0,32,0
762,steenee,甜舞妮,grass,,7,1,bounsweet,False,False,False,7,82,102,70,120,8,medium-slow,20,52,0,40,0,48,0,40,0,48,0,62,2
763,tsareena,Sucreine,grass,,7,1,steenee,False,False,False,12,214,230,70,45,8,medium-slow,20,72,0,120,3,98,0,50,0,98,0,72,0
764,comfey,Guérilande,fairy,,7,0,,False,False,False,1,3,170,70,60,6,fast,20,51,0,52,0,90,0,82,0,110,2,100,0
765,oranguru,Gouroutan,normal,psychic,7,0,,False,False,False,15,760,172,70,45,4,slow,20,90,0,60,0,80,0,90,0,110,2,60,0
766,passimian,Quartermac,fighting,,7,0,,False,False,False,20,828,172,70,45,4,slow,20,100,0,120,2,90,0,40,0,60,0,80,0
767,wimpod,Sovkipou,bug,water,7,0,,False,False,False,5,120,46,70,90,4,medium,20,25,0,35,0,40,0,20,0,30,0,80,1
768,golisopod,Sarmuraï,bug,water,7,1,wimpod,False,False,False,20,1080,186,70,45,4,medium,20,75,0,125,0,140,2,60,0,90,0,40,0
769,sandygast,Bacabouh,ghost,ground,7,0,,False,False,False,5,700,64,70,140,4,medium,15,55,0,55,0,80,1,70,0,45,0,15,0
77,ponyta,Ponyta,fire,,1,0,,False,False,False,10,300,82,70,190,4,medium,20,50,0,85,0,55,0,65,0,65,0,90,1
770,palossand,Trépassable,ghost,ground,7,1,sandygast,False,False,False,13,2500,168,70,60,4,medium,15,85,0,75,0,110,2,100,0,75,0,35,0
771,pyukumuku,Concombaffe,water,,7,0,,False,False,False,3,12,144,70,60,4,fast,15,55,0,60,0,130,0,30,0,130,2,5,0
772,type-null,Type:0,normal,,7,0,,False,True,False,19,1205,107,0,3,-1,slow,120,95,2,95,0,95,0,95,0,95,0,59,0
773,silvally,Silvallié,normal,,7,1,type-null,False,True,False,23,1005,257,0,3,-1,slow,120,95,3,95,0,95,0,95,0,95,0,95,0
774,minior,Météno,rock,flying,7,0,,False,False,False,3,400,154,70,30,-1,medium-slow,25,60,0,60,0,100,1,60,0,100,1,60,0
775,komala,Dodoala,normal,,7,0,,False,False,False,4,199,168,70,45,4,slow,20,65,0,115,2,65,0,75,0,95,0,65,0
776,turtonator,Boumata,fire,dragon,7,0,,False,False,False,20,2120,170,70,70,4,medium,20,60,0,78,0,135,2,91,0,85,0,36,0
777,togedemaru,Togedemaru,electric,steel,7,0,,False,False,False,3,33,152,70,180,4,medium,10,65,0,98,2,63,0,40,0,73,0,96,0
778,mimikyu,Mimiqui,ghost,fairy,7,0,,False,False,False,2,7,167,70,45,4,medium,20,55,0,90,0,80,0,50,0,105,2,96,0
779,bruxish,Denticrisse,water,psychic,7,0,,False,False,False,9,190,166,70,80,4,medium,15,68,0,105,2,70,0,70,0,70,0,92,0
78,rapidash,Galopa,fire,,1,1,ponyta,False,False,False,17,950,175,70,60,4,medium,20,65,0,100,0,70,0,80,0,80,0,105,2
780,drampa,Draïeul,normal,dragon,7,0,,False,False,False,30,1850,170,70,70,4,medium,20,78,0,60,0,85,0,135,2,91,0,36,0
781,dhelmise,Sinistrail,ghost,grass,7,0,,False,False,False,39,2100,181,70,25,-1,medium,25,70,0,131,2,100,0,86,0,90,0,40,0
782,jangmo-o,Bébécaille,dragon,,7,0,,False,False,False,6,297,60,70,45,4,slow,40,45,0,55,0,65,1,45,0,45,0,45,0
783,hakamo-o,Écaïd,dragon,fighting,7,1,jangmo-o,False,False,False,12,470,147,70,45,4,slow,40,55,0,75,0,90,2,65,0,70,0,65,0
784,kommo-o,Ékaïser,dragon,fighting,7,1,hakamo-o,False,False,False,16,782,270,70,45,4,slow,40,75,0,110,0,125,3,100,0,105,0,85,0
785,tapu-koko,Tokorico,electric,fairy,7,0,,False,True,False,18,205,257,70,3,-1,slow,15,70,0,115,0,85,0,95,0,75,0,130,3
786,tapu-lele,Tokopiyon,psychic,fairy,7,0,,False,True,False,12,186,257,70,3,-1,slow,15,70,0,85,0,75,0,130,3,115,0,95,0
787,tapu-bulu,Tokotoro,grass,fairy,7,0,,False,True,False,19,455,257,70,3,-1,slow,15,70,0,130,3,115,0,85,0,95,0,75,0
788,tapu-fini,Tokopisco,water,fairy,7,0,,False,True,False,13,212,257,70,3,-1,slow,15,70,0,75,0,115,0,95,0,130,3,85,0
789,cosmog,Cosmog,psychic,,7,0,,False,True,False,2,1,40,0,45,-1,slow,120,43,1,29,0,31,0,29,0,31,0,37,0
79,slowpoke,Ramoloss,water,psychic,1,0,,False,False,False,12,360,63,70,190,4,medium,20,90,1,65,0,65,0,40,0,40,0,15,0
790,cosmoem,Cosmovum,psychic,,7,1,cosmog,False,True,False,1,9999,140,0,45,-1,slow,120,43,0,29,0,131,1,29,0,131,1,37,0
791,solgaleo,Solgaleo,psychic,steel,7,1,cosmoem,False,True,False,34,2300,306,0,45,-1,slow,120,137,0,137,3,107,0,113,0,89,0,97,0
792,lunala,Lunala,psychic,ghost,7,1,cosmoem,False,True,False,40,1200,306,0,45,-1,slow,120,137,0,113,0,89,0,137,3,107,0,97,0
793,nihilego,Zéroïd,rock,poison,7,0,,False,False,False,12,555,257,0,45,-1,slow,120,109,0,53,0,47,0,127,0,131,3,103,0
794,buzzwole,Mouscoto,bug,fighting,7,0,,False,False,False,24,3336,257,0,45,-1,slow,120,107,0,139,1,139,2,53,0,53,0,79,0
795,pheromosa,Cancrelove,bug,fighting,7,0,,False,False,False,18,250,257,0,45,-1,slow,120,71,0,137,0,37,0,137,0,37,0,151,3
796,xurkitree,Câblifère,electric,,7,0,,False,False,False,38,1000,257,0,45,-1,slow,120,83,0,89,0,71,0,173,3,71,0,83,0
797,celesteela,Bamboiselle,steel,flying,7,0,,False,False,False,92,9999,257,0,45,-1,slow,120,97,0,101,1,103,1,107,1,101,0,61,0
798,kartana,Katagami,grass,steel,7,0,,False,False,False,3,1,257,0,45,-1,slow,120,59,0,181,3,131,0,59,0,31,0,109,0
799,guzzlord,Engloutyran,dark,dragon,7,0,,False,False,False,55,8880,257,0,45,-1,slow,120,223,3,101,0,53,0,97,0,53,0,43,0
8,wartortle,Carabaffe,water,,1,1,squirtle,False,False,False,10,225,142,70,45,1,medium-slow,20,59,0,63,0,80,1,65,0,80,1,58,0
80,slowbro,Flagadoss,water,psychic,1,1,slowpoke,False,False,False,16,785,172,70,75,4,medium,20,95,0,75,0,110,2,100,0,80,0,30,0
800,necrozma,Necrozma,psychic,,7,0,,False,True,False,24,2300,270,0,255,-1,slow,120,97,0,107,1,101,0,127,2,89,0,79,0
801,magearna,Magearna,steel,fairy,7,0,,False,False,True,10,805,270,0,3,-1,slow,120,80,0,95,0,115,0,130,3,115,0,65,0
802,marshadow,Marshadow,fighting,ghost,7,0,,False,False,True,7,222,270,0,3,-1,slow,120,90,0,125,2,80,0,90,0,90,0,125,1
803,poipole,Vémini,poison,,7,0,,False,False,False,6,18,189,0,45,-1,slow,120,67,0,73,0,67,0,73,0,67,0,73,1
804,naganadel,Mandrillon,poison,dragon,7,1,poipole,False,False,False,36,1500,243,0,45,-1,slow,120,73,0,73,0,73,0,127,3,73,0,121,0
805,stakataka,Ama-Ama,rock,steel,7,0,,False,False,False,55,8200,257,0,30,-1,slow,120,61,0,131,0,211,3,53,0,101,0,13,0
806,blacephalon,Pierroteknik,fire,ghost,7,0,,False,False,False,18,130,257,0,30,-1,slow,120,53,0,127,0,53,0,151,3,79,0,107,0
807,zeraora,Zeraora,electric,,7,0,,False,False,True,15,445,270,0,3,-1,slow,120,88,0,112,0,75,0,102,0,80,0,143,3
808,meltan,Meltan,steel,,7,0,,False,False,True,2,80,135,0,3,-1,slow,120,46,0,65,1,65,0,55,0,35,0,34,0
809,melmetal,Melmetal,steel,,7,1,meltan,False,False,True,25,8000,270,0,3,-1,slow,120,135,0,143,3,143,0,80,0,65,0,34,0
81,magnemite,Magnéti,electric,steel,1,0,,False,False,False,3,60,65,70,190,-1,medium,20,25,0,35,0,70,0,95,1,55,0,45,0
810,grookey,Ouistempo,grass,,8,0,,False,False,False,3,50,62,50,45,1,medium-slow,20,50,0,65,1,50,0,40,0,40,0,65,0
811,thwackey,Badabouin,grass,,8,1,grookey,False,False,False,7,140,147,50,45,1,medium-slow,20,70,0,85,2,70,0,55,0,60,0,80,0
812,rillaboom,Gorythmic,grass,,8,1,thwackey,False,False,False,21,900,265,50,45,1,medium-slow,20,100,0,125,3,90,0,60,0,70,0,85,0
813,scorbunny,Flambino,fire,,8,0,,False,False,False,3,45,62,50,45,1,medium-slow,20,50,0,71,0,40,0,40,0,40,0,69,1
814,raboot,Lapyro,fire,,8,1,scorbunny,False,False,False,6,90,147,50,45,1,medium-slow,20,65,0,86,0,60,0,55,0,60,0,94,2
815,cinderace,Pyrobut,fire,,8,1,raboot,False,False,False,14,330,265,50,45,1,medium-slow,20,80,0,116,0,75,0,65,0,75,0,119,3
816,sobble,Larméléon,water,,8,0,,False,False,False,3,40,62,50,45,1,medium-slow,20,50,0,40,0,40,0,70,0,40,1,70,1
817,drizzile,Arrozard,water,,8,1,sobble,False,False,False,7,115,147,50,45,1,medium-slow,20,65,0,60,0,55,0,95,2,55,0,90,0
818,inteleon,Lézargus,water,,8,1,drizzile,False,False,False,19,452,265,50,45,1,medium-slow,20,70,0,85,0,65,0,125,0,65,0,120,3
819,skwovet,Rongourmand,normal,,8,0,,False,False,False,3,25,55,50,255,4,medium,20,70,1,55,0,55,0,35,0,35,0,25,0
82,magneton,Magnéton,electric,steel,1,1,magnemite,False,False,False,10,600,163,70,60,-1,medium,20,50,0,60,0,95,0,120,2,70,0,70,0
820,greedent,Rongrigou,normal,,8,1,skwovet,False,False,False,6,60,161,50,90,4,medium,20,120,2,95,0,95,0,55,0,75,0,20,0
821,rookidee,Minisange,flying,,8,0,,False,False,False,2,18,49,50,255,4,medium-slow,15,38,0,47,0,35,0,33,0,35,0,57,1
822,corvisquire,Bleuseille,flying,,8,1,rookidee,False,False,False,8,160,128,50,120,4,medium-slow,15,68,0,67,0,55,0,43,0,55,0,77,2
823,corviknight,Corvaillus,flying,steel,8,1,corvisquire,False,False,False,22,750,248,50,45,4,medium-slow,15,98,0,87,0,105,3,53,0,85,0,67,0
824,blipbug,Larvadar,bug,,8,0,,False,False,False,4,80,36,50,255,4,medium,15,25,0,20,0,20,0,25,0,45,1,45,0
825,dottler,Coléodôme,bug,psychic,8,1,blipbug,False,False,False,4,195,117,50,120,4,medium,15,50,0,35,0,80,0,50,0,90,2,30,0
826,orbeetle,Astronelle,bug,psychic,8,1,dottler,False,False,False,4,408,253,50,45,4,medium,15,60,0,45,0,110,0,80,0,120,3,90,0
827,nickit,Goupilou,dark,,8,0,,False,False,False,6,89,49,50,255,4,fast,15,40,0,28,0,28,0,47,0,52,1,50,0
828,thievul,Roublenard,dark,,8,1,nickit,False,False,False,12,199,159,50,127,4,fast,15,70,0,58,0,58,0,87,0,92,2,90,0
829,gossifleur,Tournicoton,grass,,8,0,,False,False,False,4,22,50,50,190,4,medium,20,40,0,40,0,60,0,40,0,60,1,10,0
83,farfetchd,Canarticho,normal,flying,1,0,,False,False,False,8,150,132,70,45,4,medium,20,52,0,90,1,55,0,58,0,62,0,60,0
830,eldegoss,Blancoton,grass,,8,1,gossifleur,False,False,False,5,25,161,50,75,4,medium,20,60,0,50,0,90,0,80,0,120,2,60,0
831,wooloo,Moumouton,normal,,8,0,,False,False,False,6,60,122,50,255,4,medium,15,42,0,40,0,55,1,40,0,45,0,48,0
832,dubwool,Moumouflon,normal,,8,1,wooloo,False,False,False,13,430,172,50,127,4,medium,15,72,0,80,0,100,2,60,0,90,0,88,0
833,chewtle,Khélocrok,water,,8,0,,False,False,False,3,85,57,50,255,4,medium,20,50,0,64,1,50,0,38,0,38,0,44,0
834,drednaw,Torgamord,water,rock,8,1,chewtle,False,False,False,10,1155,170,50,75,4,medium,20,90,0,115,2,90,0,48,0,68,0,74,0
835,yamper,Voltoutou,electric,,8,0,,False,False,False,3,135,54,50,255,4,fast,20,59,1,45,0,50,0,40,0,50,0,26,0
836,boltund,Fulgudog,electric,,8,1,yamper,False,False,False,10,340,172,50,45,4,fast,20,69,0,90,0,60,0,90,0,60,0,121,2
837,rolycoly,Charbi,rock,,8,0,,False,False,False,3,120,48,50,255,4,medium-slow,15,30,0,40,0,50,1,40,0,50,0,30,0
838,carkol,Wagomine,rock,fire,8,1,rolycoly,False,False,False,11,780,144,50,120,4,medium-slow,15,80,0,60,0,90,2,60,0,70,0,50,0
839,coalossal,Monthracite,rock,fire,8,1,carkol,False,False,False,28,3105,255,50,45,4,medium-slow,15,110,0,80,0,120,3,80,0,90,0,30,0
84,doduo,Doduo,normal,flying,1,0,,False,False,False,14,392,62,70,190,4,medium,20,35,0,85,1,45,0,35,0,35,0,75,0
840,applin,Verpom,grass,dragon,8,0,,False,False,False,2,5,52,50,255,4,slow-then-very-fast,20,40,0,40,0,80,1,40,0,40,0,20,0
841,flapple,Pomdrapi,grass,dragon,8,1,applin,False,False,False,3,10,170,50,45,4,slow-then-very-fast,20,70,0,110,2,80,0,95,0,60,0,70,0
842,appletun,Dratatin,grass,dragon,8,1,applin,False,False,False,4,130,170,50,45,4,slow-then-very-fast,20,110,2,85,0,80,0,100,0,80,0,30,0
843,silicobra,Dunaja,ground,,8,0,,False,False,False,22,76,63,50,255,4,medium,20,52,0,57,0,75,1,35,0,50,0,46,0
844,sandaconda,Dunaconda,ground,,8,1,silicobra,False,False,False,38,655,179,50,120,4,medium,20,72,0,107,0,125,2,65,0,70,0,71,0
845,cramorant,Nigosier,flying,water,8,0,,False,False,False,8,180,166,50,45,4,medium,20,70,0,85,0,55,0,85,0,95,2,85,0
846,arrokuda,Embrochet,water,,8,0,,False,False,False,5,10,56,50,255,4,slow,20,41,0,63,0,40,0,40,0,30,0,66,1
847,barraskewda,Hastacuda,water,,8,1,arrokuda,False,False,False,13,300,172,50,60,4,slow,20,61,0,123,0,60,0,60,0,50,0,136,2
848,toxel,Toxizap,electric,poison,8,0,,True,False,False,4,110,48,50,75,4,medium-slow,25,40,0,38,0,35,0,54,1,35,0,40,0
849,toxtricity,Salarsen,electric,poison,8,1,toxel,False,False,False,16,400,176,50,45,4,medium-slow,25,75,0,98,0,70,0,114,2,70,0,75,0
85,dodrio,Dodrio,normal,flying,1,1,doduo,False,False,False,18,852,165,70,45,4,medium,20,60,0,110,2,70,0,60,0,60,0,110,0
850,sizzlipede,Grillepattes,fire,bug,8,0,,False,False,False,7,10,61,50,190,4,medium,20,50,0,65,1,45,0,50,0,50,0,45,0
851,centiskorch,Scolocendre,fire,bug,8,1,sizzlipede,False,False,False,30,1200,184,50,75,4,medium,20,100,0,115,2,65,0,90,0,90,0,65,0
852,clobbopus,Poulpaf,fighting,,8,0,,False,False,False,6,40,62,50,180,4,medium-slow,25,50,0,68,1,60,0,50,0,50,0,32,0
853,grapploct,Krakos,fighting,,8,1,clobbopus,False,False,False,16,390,168,50,45,4,medium-slow,25,80,0,118,2,90,0,70,0,80,0,42,0
854,sinistea,Théffroi,ghost,,8,0,,False,False,False,1,2,62,50,120,-1,medium,20,40,0,45,0,45,0,74,1,54,0,50,0
855,polteageist,Polthégeist,ghost,,8,1,sinistea,False,False,False,2,4,178,50,60,-1,medium,20,60,0,65,0,65,0,134,2,114,0,70,0
856,hatenna,Bibichut,psychic,,8,0,,False,False,False,4,34,53,50,235,8,slow,20,42,0,30,0,45,0,56,1,53,0,39,0
857,hattrem,Chapotus,psychic,,8,1,hatenna,False,False,False,6,48,130,50,120,8,slow,20,57,0,40,0,65,0,86,2,73,0,49,0
858,hatterene,Sorcilence,psychic,fairy,8,1,hattrem,False,False,False,21,51,255,50,45,8,slow,20,57,0,90,0,95,0,136,3,103,0,29,0
859,impidimp,Grimalin,dark,fairy,8,0,,False,False,False,4,55,53,50,255,0,medium,20,45,0,45,0,30,0,55,1,40,0,50,0
86,seel,Otaria,water,,1,0,,False,False,False,11,900,65,70,190,4,medium,20,65,0,45,0,55,0,45,0,70,1,45,0
860,morgrem,Fourbelin,dark,fairy,8,1,impidimp,False,False,False,8,125,130,50,120,0,medium,20,65,0,60,0,45,0,75,2,55,0,70,0
861,grimmsnarl,Angoliath,dark,fairy,8,1,morgrem,False,False,False,15,610,255,50,45,0,medium,20,95,0,120,3,65,0,95,0,75,0,60,0
862,obstagoon,Ixon,dark,normal,8,1,linoone,False,False,False,16,460,260,50,45,4,medium,15,93,0,90,0,101,3,60,0,81,0,95,0
863,perrserker,Berserkatt,steel,,8,1,meowth,False,False,False,8,280,154,50,90,4,medium,20,70,0,110,2,100,0,50,0,60,0,50,0
864,cursola,Corayôme,ghost,,8,1,corsola,False,False,False,10,4,179,50,30,6,fast,20,60,0,95,0,50,0,145,2,130,0,30,0
865,sirfetchd,Palarticho,fighting,,8,1,farfetchd,False,False,False,8,1170,177,50,45,4,medium,20,62,0,135,2,95,0,68,0,82,0,65,0
866,mr-rime,M. Glaquette,ice,psychic,8,1,mr-mime,False,False,False,15,582,182,50,45,4,medium,25,80,0,85,0,75,0,110,3,100,0,70,0
867,runerigus,Tutétékri,ground,ghost,8,1,yamask,False,False,False,16,666,169,50,90,4,medium,25,58,0,95,0,145,2,50,0,105,0,30,0
868,milcery,Crèmy,fairy,,8,0,,False,False,False,2,3,54,50,200,8,medium,20,45,0,40,0,40,0,50,0,61,1,34,0
869,alcremie,Charmilly,fairy,,8,1,milcery,False,False,False,3,5,173,50,100,8,medium,20,65,0,60,0,75,0,110,0,121,2,64,0
87,dewgong,Lamantine,water,ice,1,1,seel,False,False,False,17,1200,166,70,75,4,medium,20,90,0,70,0,80,0,70,0,95,2,70,0
870,falinks,Hexadron,fighting,,8,0,,False,False,False,30,620,165,50,45,-1,medium,25,65,0,100,2,100,0,70,0,60,1,75,0
871,pincurchin,Wattapik,electric,,8,0,,False,False,False,3,10,152,50,75,4,medium,20,48,0,101,2,95,0,91,0,85,0,15,0
872,snom,Frissonille,ice,bug,8,0,,False,False,False,3,38,37,50,190,4,medium,20,30,0,25,0,35,0,45,1,30,0,20,0
873,frosmoth,Beldeneige,ice,bug,8,1,snom,False,False,False,13,420,166,50,75,4,medium,20,70,0,65,0,60,0,125,2,90,0,65,0
874,stonjourner,Dolman,rock,,8,0,,False,False,False,25,5200,165,50,60,4,slow,25,100,0,125,0,135,2,20,0,20,0,70,0
875,eiscue,Bekaglaçon,ice,,8,0,,False,False,False,14,890,165,50,60,4,slow,25,75,0,80,0,110,2,65,0,90,0,50,0
876,indeedee,Wimessir,psychic,normal,8,0,,False,False,False,9,280,166,140,30,4,fast,40,60,0,65,0,55,0,105,2,95,0,95,0
877,morpeko,Morpeko,electric,dark,8,0,,False,False,False,3,30,153,50,180,4,medium,10,58,0,95,0,58,0,70,0,58,0,97,2
878,cufant,Charibari,steel,,8,0,,False,False,False,12,1000,66,50,190,4,medium,25,72,0,80,1,49,0,40,0,49,0,40,0
879,copperajah,Pachyradjah,steel,,8,1,cufant,False,False,False,30,6500,175,50,90,4,medium,25,122,0,130,2,69,0,80,0,69,0,30,0
88,grimer,Tadmorv,poison,,1,0,,False,False,False,9,300,65,70,190,4,medium,20,80,1,80,0,50,0,40,0,50,0,25,0
880,dracozolt,Galvagon,electric,dragon,8,0,,False,False,False,18,1900,177,50,45,-1,slow,35,90,0,100,2,90,0,80,0,70,0,75,0
881,arctozolt,Galvagla,electric,ice,8,0,,False,False,False,23,1500,177,50,45,-1,slow,35,90,0,100,2,90,0,90,0,80,0,55,0
882,dracovish,Hydragon,water,dragon,8,0,,False,False,False,23,2150,177,50,45,-1,slow,35,90,0,90,0,100,2,70,0,80,0,75,0
883,arctovish,Hydragla,water,ice,8,0,,False,False,False,20,1750,177,50,45,-1,slow,35,90,0,90,0,100,2,80,0,90,0,55,0
884,duraludon,Duralugon,steel,dragon,8,0,,False,False,False,18,400,187,50,45,4,medium,30,70,0,95,0,115,0,120,2,50,0,85,0
885,dreepy,Fantyrm,dragon,ghost,8,0,,False,False,False,5,20,54,50,45,4,slow,40,28,0,60,0,30,0,40,0,30,0,82,1
886,drakloak,Dispareptil,dragon,ghost,8,1,dreepy,False,False,False,14,110,144,50,45,4,slow,40,68,0,80,0,50,0,60,0,50,0,102,2
887,dragapult,Lanssorien,dragon,ghost,8,1,drakloak,False,False,False,30,500,300,50,45,4,slow,40,88,0,120,0,75,0,100,0,75,0,142,3
888,zacian,Zacian,fairy,,8,0,,False,True,False,28,1100,335,0,10,-1,slow,120,92,0,120,0,115,0,80,0,115,0,138,3
889,zamazenta,Zamazenta,fighting,,8,0,,False,True,False,29,2100,335,0,10,-1,slow,120,92,0,120,0,115,0,80,0,115,0,138,3
89,muk,Grotadmorv,poison,,1,1,grimer,False,False,False,12,300,175,70,75,4,medium,20,105,1,105,1,75,0,65,0,100,0,50,0
890,eternatus,Éthernatos,poison,dragon,8,0,,False,True,False,200,9500,345,0,255,-1,slow,120,140,3,85,0,95,0,145,0,95,0,130,0
891,kubfu,Wushours,fighting,,8,0,,False,True,False,6,120,77,50,3,1,slow,120,60,0,90,1,60,0,53,0,50,0,72,0
892,urshifu,Shifours,fighting,dark,8,1,kubfu,False,True,False,19,1050,275,50,3,1,slow,120,100,0,130,3,100,0,63,0,60,0,97,0
893,zarude,Zarude,dark,grass,8,0,,False,False,True,18,700,300,0,3,-1,slow,120,105,0,120,3,105,0,70,0,95,0,105,0
894,regieleki,Regieleki,electric,,8,0,,False,True,False,12,1450,290,35,3,-1,slow,120,80,0,100,0,50,0,100,0,50,0,200,3
895,regidrago,Regidrago,dragon,,8,0,,False,True,False,21,2000,290,35,3,-1,slow,120,200,3,100,0,50,0,100,0,50,0,80,0
896,glastrier,Blizzeval,ice,,8,0,,False,True,False,22,8000,290,35,3,-1,slow,120,100,0,145,3,130,0,65,0,110,0,30,0
897,spectrier,Spectreval,ghost,,8,0,,False,True,False,20,445,290,35,3,-1,slow,120,100,0,65,0,60,0,145,3,80,0,130,0
898,calyrex,Sylveroy,psychic,grass,8,0,,False,True,False,11,77,250,100,3,-1,slow,120,100,3,80,0,80,0,80,0,80,0,80,0
899,wyrdeer,Cerbyllin,normal,psychic,8,1,stantler,False,False,False,18,951,263,50,135,4,slow,20,103,0,105,1,72,0,105,1,75,0,65,0
9,blastoise,Tortank,water,,1,1,wartortle,False,False,False,16,855,239,70,45,1,medium-slow,20,79,0,83,0,100,0,85,0,105,3,78,0
90,shellder,Kokiyas,water,,1,0,,False,False,False,3,40,61,70,190,4,slow,20,30,0,65,0,100,1,45,0,25,0,40,0
900,kleavor,Hachécateur,bug,rock,8,1,scyther,False,False,False,18,890,175,50,115,4,medium,20,70,0,135,3,95,0,45,0,70,0,85,0
901,ursaluna,Ursaking,ground,normal,8,1,ursaring,False,False,False,24,2900,275,50,75,4,medium,20,130,0,140,3,105,0,45,0,80,0,50,0
902,basculegion,Paragruel,water,ghost,8,1,basculin,False,False,False,30,1100,265,50,135,4,medium,20,120,3,112,0,65,0,80,0,75,0,78,0
903,sneasler,Farfurex,fighting,poison,8,1,sneasel,False,False,False,13,430,102,50,135,4,medium-slow,20,80,0,130,2,60,0,40,0,80,0,120,0
904,overqwil,Qwilpik,dark,poison,8,1,qwilfish,False,False,False,25,605,179,50,135,4,medium,20,85,0,115,2,95,0,65,0,65,0,85,0
905,enamorus,Amovénus,fairy,flying,8,0,,False,True,False,16,480,116,50,3,8,slow,20,74,0,115,0,70,0,135,3,80,0,106,0
906,sprigatito,Poussacha,grass,,9,0,,False,False,False,4,41,62,50,45,1,medium-slow,20,40,0,61,0,54,0,45,0,45,0,65,1
907,floragato,Matourgeon,grass,,9,1,sprigatito,False,False,False,9,122,144,50,45,1,medium-slow,20,61,0,80,0,63,0,60,0,63,0,83,2
908,meowscarada,Miascarade,grass,dark,9,1,floragato,False,False,False,15,312,265,50,45,1,medium-slow,20,76,0,110,0,70,0,81,0,70,0,123,3
909,fuecoco,Chochodile,fire,,9,0,,False,False,False,4,98,62,50,45,1,medium-slow,20,67,1,45,0,59,0,63,0,40,0,36,0
91,cloyster,Crustabri,water,ice,1,1,shellder,False,False,False,15,1325,184,70,60,4,slow,20,50,0,95,0,180,2,85,0,45,0,70,0
910,crocalor,Crocogril,fire,,9,1,fuecoco,False,False,False,10,307,144,50,45,1,medium-slow,20,81,0,55,0,78,0,90,2,58,0,49,0
911,skeledirge,Flâmigator,fire,ghost,9,1,crocalor,False,False,False,16,3265,265,50,45,1,medium-slow,20,104,0,75,0,100,0,110,3,75,0,66,0
912,quaxly,Coiffeton,water,,9,0,,False,False,False,5,61,62,50,45,1,medium-slow,20,55,0,65,1,45,0,50,0,45,0,50,0
913,quaxwell,Canarbello,water,,9,1,quaxly,False,False,False,12,215,144,50,45,1,medium-slow,20,70,0,85,2,65,0,65,0,60,0,65,0
914,quaquaval,Palmaval,water,fighting,9,1,quaxwell,False,False,False,18,619,265,50,45,1,medium-slow,20,85,0,120,3,80,0,85,0,75,0,85,0
915,lechonk,Gourmelet,normal,,9,0,,False,False,False,5,102,51,50,255,4,medium,15,54,1,45,0,40,0,35,0,45,0,35,0
916,oinkologne,Fragroin,normal,,9,1,lechonk,False,False,False,10,1200,171,50,100,0,medium,15,110,2,100,0,75,0,59,0,80,0,65,0
917,tarountula,團珠蛛,bug,,9,0,,False,False,False,3,40,42,50,255,4,slow-then-very-fast,15,35,0,41,0,45,1,29,0,40,0,20,0
918,spidops,Filentrappe,bug,,9,1,tarountula,False,False,False,10,165,141,50,120,4,slow-then-very-fast,15,60,0,79,0,92,2,52,0,86,0,35,0
919,nymble,Lilliterelle,bug,,9,0,,False,False,False,2,10,42,20,190,4,medium,20,33,0,46,1,40,0,21,0,25,0,45,0
92,gastly,Fantominus,ghost,poison,1,0,,False,False,False,13,1,62,70,190,4,medium-slow,20,30,0,35,0,30,0,100,1,35,0,80,0
920,lokix,Gambex,bug,dark,9,1,nymble,False,False,False,10,175,158,0,30,4,medium,20,71,0,102,2,78,0,52,0,55,0,92,0
921,pawmi,Pohm,electric,,9,0,,False,False,False,3,25,48,50,190,4,medium,15,45,0,50,0,20,0,40,0,25,0,60,1
922,pawmo,Pohmotte,electric,fighting,9,1,pawmi,False,False,False,4,65,123,50,80,4,medium,15,60,0,75,0,40,0,50,0,40,0,85,2
923,pawmot,Pohmarmotte,electric,fighting,9,1,pawmo,False,False,False,9,410,245,50,45,4,medium,15,70,0,115,3,70,0,70,0,60,0,105,0
924,tandemaus,Compagnol,normal,,9,0,,False,False,False,3,18,61,50,150,-1,fast,10,50,0,50,0,45,0,40,0,45,0,75,1
925,maushold,Famignol,normal,,9,1,tandemaus,False,False,False,3,23,165,50,75,-1,fast,10,74,0,75,0,70,0,65,0,75,0,111,2
926,fidough,Pâtachiot,fairy,,9,0,,False,False,False,3,109,62,50,190,4,medium-slow,20,37,0,55,0,70,0,30,0,55,0,65,1
927,dachsbun,Briochien,fairy,,9,1,fidough,False,False,False,5,149,167,50,90,4,medium-slow,20,57,0,80,0,115,0,50,0,80,0,95,2
928,smoliv,Olivini,grass,normal,9,0,,False,False,False,3,65,52,50,255,4,medium-slow,20,41,0,35,0,45,0,58,1,51,0,30,0
929,dolliv,Olivado,grass,normal,9,1,smoliv,False,False,False,6,119,124,50,120,4,medium-slow,20,52,0,53,0,60,0,78,2,78,0,33,0
93,haunter,Spectrum,ghost,poison,1,1,gastly,False,False,False,16,1,142,70,90,4,medium-slow,20,45,0,50,0,45,0,115,2,55,0,95,0
930,arboliva,Arboliva,grass,normal,9,1,dolliv,False,False,False,14,482,255,50,45,4,medium-slow,20,78,0,69,0,90,0,125,3,109,0,39,0
931,squawkabilly,Tapatoès,normal,flying,9,0,,False,False,False,6,24,146,50,190,4,slow-then-very-fast,15,82,0,96,1,51,0,45,0,51,0,92,0
932,nacli,Selutin,rock,,9,0,,False,False,False,4,160,56,50,255,4,medium-slow,20,55,0,55,0,75,1,35,0,35,0,25,0
933,naclstack,Amassel,rock,,9,1,nacli,False,False,False,6,1050,124,50,120,4,medium-slow,20,60,0,60,0,100,2,35,0,65,0,35,0
934,garganacl,Gigansel,rock,,9,1,naclstack,False,False,False,23,2400,250,50,45,4,medium-slow,20,100,0,100,0,130,3,45,0,90,0,35,0
935,charcadet,Charbambin,fire,,9,0,,False,False,False,6,105,51,50,90,4,slow,35,40,0,50,0,40,0,50,1,40,0,35,0
936,armarouge,Carmadura,fire,psychic,9,1,charcadet,False,False,False,15,850,263,20,25,4,slow,35,85,0,60,0,100,0,125,2,80,0,75,0
937,ceruledge,Malvalame,fire,ghost,9,1,charcadet,False,False,False,16,620,263,20,25,4,slow,35,75,0,125,2,80,0,60,0,100,0,85,0
938,tadbulb,Têtampoule,electric,,9,0,,False,False,False,3,4,54,50,190,4,medium,20,61,1,31,0,41,0,59,0,35,0,45,0
939,bellibolt,Ampibidou,electric,,9,1,tadbulb,False,False,False,12,1130,173,50,50,4,medium,20,109,2,64,0,91,0,103,0,83,0,45,0
94,gengar,Ectoplasma,ghost,poison,1,1,haunter,False,False,False,15,405,225,70,45,4,medium-slow,20,60,0,65,0,60,0,130,3,75,0,110,0
940,wattrel,Zapétrel,electric,flying,9,0,,False,False,False,4,36,56,50,180,4,medium-slow,20,40,0,40,0,35,0,55,0,40,0,70,1
941,kilowattrel,Fulgulairo,electric,flying,9,1,wattrel,False,False,False,14,386,172,50,90,4,medium-slow,20,70,0,70,0,60,0,105,0,60,0,125,2
942,maschiff,Grondogue,dark,,9,0,,False,False,False,5,160,68,50,150,4,medium-slow,20,60,0,78,1,60,0,40,0,51,0,51,0
943,mabosstiff,Dogrino,dark,,9,1,maschiff,False,False,False,11,610,177,50,75,4,medium-slow,20,80,0,120,2,90,0,60,0,70,0,85,0
944,shroodle,Gribouraigne,poison,normal,9,0,,False,False,False,2,7,58,50,190,4,medium-slow,20,40,0,65,0,35,0,40,0,35,0,75,1
945,grafaiai,Tag-Tag,poison,normal,9,1,shroodle,False,False,False,7,272,170,50,90,4,medium-slow,20,63,0,95,0,65,0,80,0,72,0,110,2
946,bramblin,Virovent,grass,ghost,9,0,,False,False,False,6,6,55,50,190,4,medium,20,40,0,65,1,30,0,45,0,35,0,60,0
947,brambleghast,Virevorreur,grass,ghost,9,1,bramblin,False,False,False,12,60,168,50,45,4,medium,20,55,0,115,2,70,0,80,0,70,0,90,0
948,toedscool,Terracool,ground,grass,9,0,,False,False,False,9,330,67,50,190,4,medium-slow,20,40,0,40,0,35,0,50,0,100,1,70,0
949,toedscruel,Terracruel,ground,grass,9,1,toedscool,False,False,False,19,580,180,50,90,4,medium-slow,20,80,0,70,0,65,0,80,0,120,2,100,0
95,onix,Onix,rock,ground,1,0,,False,False,False,88,2100,77,70,45,4,medium,25,35,0,45,0,160,1,30,0,45,0,70,0
950,klawf,Craparoi,rock,,9,0,,False,False,False,13,790,158,50,120,4,medium,35,70,0,100,0,115,2,35,0,55,0,75,0
951,capsakid,Pimito,grass,,9,0,,False,False,False,3,30,61,50,190,4,medium,20,50,0,62,1,40,0,62,0,40,0,50,0
952,scovillain,Scovilain,grass,fire,9,1,capsakid,False,False,False,9,150,170,50,75,4,medium,20,65,0,108,2,65,0,108,0,65,0,75,0
953,rellor,Léboulérou,bug,,9,0,,False,False,False,2,10,54,50,190,4,fast,20,41,0,50,0,60,1,31,0,58,0,30,0
954,rabsca,Bérasca,bug,psychic,9,1,rellor,False,False,False,3,35,165,50,45,4,fast,20,75,0,50,0,85,0,115,2,100,0,45,0
955,flittle,Flotillon,psychic,,9,0,,False,False,False,2,15,51,50,120,4,medium-slow,20,30,0,35,0,30,0,55,0,30,0,75,1
956,espathra,Cléopsytra,psychic,,9,1,flittle,False,False,False,19,900,168,50,60,4,medium-slow,20,95,0,60,0,60,0,101,0,60,0,105,2
957,tinkatink,Forgerette,fairy,steel,9,0,,False,False,False,4,89,59,50,190,8,medium-slow,20,50,0,45,0,45,0,35,0,64,1,58,0
958,tinkatuff,Forgella,fairy,steel,9,1,tinkatink,False,False,False,7,591,133,50,90,8,medium-slow,20,65,0,55,0,55,0,45,0,82,2,78,0
959,tinkaton,Forgelina,fairy,steel,9,1,tinkatuff,False,False,False,7,1128,253,50,45,8,medium-slow,20,85,0,75,0,77,0,70,0,105,3,94,0
96,drowzee,Soporifik,psychic,,1,0,,False,False,False,10,324,66,70,190,4,medium,20,60,0,48,0,45,0,43,0,90,1,42,0
960,wiglett,Taupikeau,water,,9,0,,False,False,False,12,18,49,50,255,4,medium,20,10,0,55,0,25,0,35,0,25,0,95,1
961,wugtrio,Triopikeau,water,,9,1,wiglett,False,False,False,12,54,149,50,50,4,medium,20,35,0,100,0,50,0,50,0,70,0,120,2
962,bombirdier,Lestombaile,flying,dark,9,0,,False,False,False,15,429,243,50,25,4,slow,35,70,0,103,2,85,0,60,0,85,0,82,0
963,finizen,Dofin,water,,9,0,,False,False,False,13,602,63,50,200,4,slow,40,70,0,45,0,40,0,45,0,40,0,75,1
964,palafin,Superdofin,water,,9,1,finizen,False,False,False,13,602,160,50,45,4,slow,40,100,2,70,0,72,0,53,0,62,0,100,0
965,varoom,Vrombi,steel,poison,9,0,,False,False,False,10,350,60,50,190,4,medium,20,45,0,70,1,63,0,30,0,45,0,47,0
966,revavroom,Vrombotor,steel,poison,9,1,varoom,False,False,False,18,1200,175,50,75,4,medium,20,80,0,119,2,90,0,54,0,67,0,90,0
967,cyclizar,Motorizard,dragon,normal,9,0,,False,False,False,16,630,175,50,190,4,medium-slow,30,70,0,95,0,65,0,85,0,65,0,121,2
968,orthworm,Ferdeter,steel,,9,0,,False,False,False,25,3100,240,50,25,4,slow,35,70,0,85,0,145,2,60,0,55,0,65,0
969,glimmet,Germéclat,rock,poison,9,0,,False,False,False,7,80,70,50,70,4,medium-slow,30,48,0,35,0,42,0,105,1,60,0,60,0
97,hypno,Hypnomade,psychic,,1,1,drowzee,False,False,False,16,756,169,70,75,4,medium,20,85,0,73,0,70,0,73,0,115,2,67,0
970,glimmora,Floréclat,rock,poison,9,1,glimmet,False,False,False,15,450,184,50,25,4,medium-slow,30,83,0,55,0,90,0,130,2,81,0,86,0
971,greavard,Toutombe,ghost,,9,0,,False,False,False,6,350,58,50,120,4,medium-slow,20,50,0,61,1,60,0,30,0,55,0,34,0
972,houndstone,Tomberro,ghost,,9,1,greavard,False,False,False,20,150,171,50,60,4,medium-slow,20,72,0,101,2,100,0,50,0,97,0,68,0
973,flamigo,Flamenroule,flying,fighting,9,0,,False,False,False,16,370,175,50,100,4,medium-slow,20,82,0,115,2,74,0,75,0,64,0,90,0
974,cetoddle,Piétacé,ice,,9,0,,False,False,False,12,450,67,50,150,4,medium-slow,25,108,1,68,0,45,0,30,0,40,0,43,0
975,cetitan,Balbalèze,ice,,9,1,cetoddle,False,False,False,45,7000,182,50,50,4,medium-slow,25,170,2,113,0,65,0,45,0,55,0,73,0
976,veluza,Délestin,water,psychic,9,0,,False,False,False,25,900,167,50,100,4,fast,20,90,0,102,2,73,0,78,0,65,0,70,0
977,dondozo,Oyacata,water,,9,0,,False,False,False,120,2200,265,50,25,4,slow,40,150,3,100,0,115,0,65,0,65,0,35,0
978,tatsugiri,Nigirigon,dragon,water,9,0,,False,False,False,3,80,166,50,100,4,medium-slow,35,68,0,50,0,60,0,120,2,95,0,82,0
979,annihilape,Courrousinge,fighting,ghost,9,1,primeape,False,False,False,12,560,268,50,45,4,medium,20,110,0,115,3,80,0,50,0,90,0,90,0
98,krabby,Krabby,water,,1,0,,False,False,False,4,65,65,70,225,4,medium,20,30,0,105,1,90,0,25,0,25,0,50,0
980,clodsire,Terraiste,poison,ground,9,1,wooper,False,False,False,18,2230,151,50,90,4,medium,20,130,2,75,0,60,0,45,0,100,0,20,0
981,farigiraf,Farigiraf,normal,psychic,9,1,girafarig,False,False,False,32,1600,260,50,45,4,medium,20,120,3,90,0,70,0,110,0,70,0,60,0
982,dudunsparce,Deusolourdo,normal,,9,1,dunsparce,False,False,False,36,392,182,50,45,4,medium,20,125,2,100,0,80,0,85,0,75,0,55,0
983,kingambit,Scalpereur,dark,steel,9,1,bisharp,False,False,False,20,1200,275,50,25,4,medium,20,100,0,135,3,120,0,60,0,85,0,50,0
984,great-tusk,Fort-Ivoire,ground,fighting,9,0,,False,False,False,22,3200,285,0,30,-1,slow,50,115,0,131,3,131,0,53,0,53,0,87,0
985,scream-tail,Hurle-Queue,fairy,psychic,9,0,,False,False,False,12,80,285,0,50,-1,slow,50,115,3,65,0,99,0,65,0,115,0,111,0
986,brute-bonnet,Fongus-Furie,grass,dark,9,0,,False,False,False,12,210,285,0,50,-1,slow,50,111,0,127,3,99,0,79,0,99,0,55,0
987,flutter-mane,Flotte-Mèche,ghost,fairy,9,0,,False,False,False,14,40,285,0,30,-1,slow,50,55,0,55,0,55,0,135,1,135,1,135,1
988,slither-wing,Rampe-Ailes,bug,fighting,9,0,,False,False,False,32,920,285,0,30,-1,slow,50,85,0,135,3,79,0,85,0,105,0,81,0
989,sandy-shocks,Pelage-Sablé,electric,ground,9,0,,False,False,False,23,600,285,0,30,-1,slow,50,85,0,81,0,97,0,121,3,85,0,101,0
99,kingler,Krabboss,water,,1,1,krabby,False,False,False,13,600,166,70,60,4,medium,20,55,0,130,2,115,0,50,0,50,0,75,0
990,iron-treads,Roue-de-Fer,ground,steel,9,0,,False,False,False,9,2400,285,0,30,-1,slow,50,90,0,112,0,120,3,72,0,70,0,106,0
991,iron-bundle,Hotte-de-Fer,ice,water,9,0,,False,False,False,6,110,285,0,50,-1,slow,50,56,0,80,0,114,0,124,0,60,0,136,3
992,iron-hands,Paume-de-Fer,fighting,electric,9,0,,False,False,False,18,3807,285,0,50,-1,slow,50,154,0,140,3,108,0,50,0,68,0,50,0
993,iron-jugulis,Têtes-de-Fer,dark,flying,9,0,,False,False,False,13,1110,285,0,30,-1,slow,50,94,0,80,0,86,0,122,3,80,0,108,0
994,iron-moth,Mite-de-Fer,fire,poison,9,0,,False,False,False,12,360,285,0,30,-1,slow,50,80,0,70,0,60,0,140,3,110,0,110,0
995,iron-thorns,Épine-de-Fer,rock,electric,9,0,,False,False,False,16,3030,285,0,30,-1,slow,50,100,0,134,3,110,0,70,0,84,0,72,0
996,frigibax,Frigodo,dragon,ice,9,0,,False,False,False,5,170,64,50,45,4,slow,40,65,0,75,1,45,0,35,0,45,0,55,0
997,arctibax,Cryodo,dragon,ice,9,1,frigibax,False,False,False,8,300,148,50,25,4,slow,40,90,0,95,2,66,0,45,0,65,0,62,0
998,baxcalibur,Glaivodo,dragon,ice,9,1,arctibax,False,False,False,21,2100,300,50,10,4,slow,40,115,0,145,3,92,0,75,0,86,0,87,0
999,gimmighoul,Mordudor,ghost,,9,0,,False,False,False,3,50,60,50,45,-1,slow,50,45,0,30,0,70,0,75,1,70,0,10,0
